retailer,invoice_date,region,state,city,product,price_per_unit,units_sold,total_sales
Amazon,2021-01-13,Southeast,North Carolina,Charlotte,Women's Street Footwear,24.0,167,4008.0
Amazon,2021-01-13,Southeast,North Carolina,Charlotte,Women's Athletic Footwear,29.0,123,3567.0
Amazon,2021-01-13,Southeast,North Carolina,Charlotte,Women's Apparel,35.0,575,20125.0
Amazon,2021-01-13,Southeast,North Carolina,Charlotte,Men's Apparel,44.0,128,5632.0
Amazon,2021-01-13,Southeast,North Carolina,Charlotte,Men's Athletic Footwear,35.0,575,20125.0
Amazon,2021-01-13,Southeast,North Carolina,Charlotte,Women's Street Footwear,25.0,575,14375.0
Amazon,2021-01-13,Southeast,North Carolina,Charlotte,Men's Athletic Footwear,33.0,150,4950.0
Amazon,2021-01-13,Southeast,North Carolina,Charlotte,Women's Athletic Footwear,30.0,425,12750.0
Amazon,2021-01-13,Southeast,North Carolina,Charlotte,Men's Apparel,45.0,475,21375.0
Amazon,2021-01-13,Southeast,North Carolina,Charlotte,Men's Street Footwear,35.0,775,27125.0
Amazon,2021-01-13,Southeast,North Carolina,Charlotte,Men's Street Footwear,32.0,194,6208.0
Amazon,2021-01-13,Southeast,North Carolina,Charlotte,Women's Apparel,32.0,173,5536.0
Amazon,2021-01-14,Northeast,Massachusetts,Boston,Women's Street Footwear,32.0,91,2912.0
Amazon,2021-01-14,Northeast,Massachusetts,Boston,Women's Street Footwear,27.0,101,2727.0
Amazon,2021-01-14,Northeast,Massachusetts,Boston,Men's Street Footwear,45.0,525,23625.0
Amazon,2021-01-14,Northeast,Massachusetts,Boston,Women's Athletic Footwear,29.0,53,1537.0
Amazon,2021-01-14,Northeast,Massachusetts,Boston,Women's Street Footwear,35.0,325,11375.0
Amazon,2021-01-14,Northeast,Massachusetts,Boston,Men's Street Footwear,44.0,152,6688.0
Amazon,2021-01-14,Northeast,Massachusetts,Boston,Men's Athletic Footwear,45.0,325,14625.0
Amazon,2021-01-14,Northeast,Massachusetts,Boston,Men's Apparel,55.0,225,12375.0
Amazon,2021-01-14,Northeast,Massachusetts,Boston,Women's Apparel,34.0,104,3536.0
Amazon,2021-01-14,Northeast,Massachusetts,Boston,Men's Apparel,52.0,68,3536.0
Amazon,2021-01-14,Northeast,Massachusetts,Boston,Women's Apparel,44.0,98,4312.0
Amazon,2021-01-14,Northeast,Massachusetts,Boston,Women's Apparel,45.0,325,14625.0
Amazon,2021-01-14,Northeast,Massachusetts,Boston,Women's Athletic Footwear,40.0,175,7000.0
Amazon,2021-01-14,Northeast,Massachusetts,Boston,Men's Athletic Footwear,42.0,94,3948.0
Amazon,2021-01-14,Northeast,Massachusetts,Boston,Men's Athletic Footwear,36.0,107,3852.0
Amazon,2021-01-14,Northeast,Massachusetts,Boston,Men's Street Footwear,35.0,179,6265.0
Amazon,2021-01-14,Northeast,Massachusetts,Boston,Women's Athletic Footwear,39.0,44,1716.0
Amazon,2021-01-14,Northeast,Massachusetts,Boston,Men's Apparel,37.0,70,2590.0
Amazon,2021-01-21,Northeast,Vermont,Burlington,Women's Street Footwear,28.0,101,2828.0
Amazon,2021-01-21,Northeast,Vermont,Burlington,Women's Apparel,35.0,101,3535.0
Amazon,2021-01-21,Northeast,Vermont,Burlington,Women's Street Footwear,38.0,81,3078.0
Amazon,2021-01-21,Northeast,Vermont,Burlington,Women's Athletic Footwear,45.0,175,7875.0
Amazon,2021-01-21,Northeast,Vermont,Burlington,Men's Apparel,43.0,74,3182.0
Amazon,2021-01-21,Northeast,Vermont,Burlington,Men's Apparel,59.0,56,3304.0
Amazon,2021-01-21,Northeast,Vermont,Burlington,Women's Apparel,50.0,325,16250.0
Amazon,2021-01-21,Northeast,Vermont,Burlington,Men's Street Footwear,34.0,173,5882.0
Amazon,2021-01-21,Northeast,Vermont,Burlington,Women's Street Footwear,40.0,325,13000.0
Amazon,2021-01-21,Northeast,Vermont,Burlington,Men's Athletic Footwear,50.0,325,16250.0
Amazon,2021-01-21,Northeast,Vermont,Burlington,Women's Athletic Footwear,36.0,60,2160.0
Amazon,2021-01-21,Northeast,Vermont,Burlington,Women's Apparel,49.0,88,4312.0
Amazon,2021-01-21,Northeast,Vermont,Burlington,Women's Athletic Footwear,43.0,46,1978.0
Amazon,2021-01-21,Northeast,Vermont,Burlington,Men's Athletic Footwear,45.0,91,4095.0
Amazon,2021-01-21,Northeast,Vermont,Burlington,Men's Street Footwear,50.0,525,26250.0
Amazon,2021-01-21,Northeast,Vermont,Burlington,Men's Athletic Footwear,39.0,111,4329.0
Amazon,2021-01-21,Northeast,Vermont,Burlington,Men's Apparel,60.0,225,13500.0
Amazon,2021-01-21,Northeast,Vermont,Burlington,Men's Street Footwear,49.0,131,6419.0
Amazon,2021-01-22,Midwest,Ohio,Columbus,Men's Street Footwear,37.0,135,4995.0
Amazon,2021-01-22,Midwest,Ohio,Columbus,Men's Street Footwear,40.0,500,20000.0
Amazon,2021-01-22,Midwest,Ohio,Columbus,Women's Apparel,37.0,81,2997.0
Amazon,2021-01-22,Midwest,Ohio,Columbus,Women's Apparel,40.0,300,12000.0
Amazon,2021-01-22,Midwest,Ohio,Columbus,Men's Athletic Footwear,38.0,78,2964.0
Amazon,2021-01-22,Midwest,Ohio,Columbus,Women's Athletic Footwear,34.0,42,1428.0
Amazon,2021-01-22,Midwest,Ohio,Columbus,Men's Apparel,50.0,200,10000.0
Amazon,2021-01-22,Midwest,Ohio,Columbus,Women's Street Footwear,28.0,75,2100.0
Amazon,2021-01-22,Midwest,Ohio,Columbus,Women's Athletic Footwear,35.0,150,5250.0
Amazon,2021-01-22,Midwest,Ohio,Columbus,Women's Street Footwear,30.0,300,9000.0
Amazon,2021-01-22,Midwest,Ohio,Columbus,Men's Apparel,46.0,52,2392.0
Amazon,2021-01-22,Midwest,Ohio,Columbus,Men's Athletic Footwear,40.0,300,12000.0
Amazon,2021-01-24,West,Alaska,Anchorage,Women's Apparel,52.0,84,4368.0
Amazon,2021-01-24,West,Alaska,Anchorage,Women's Apparel,55.0,300,16500.0
Amazon,2021-02-11,Southeast,North Carolina,Charlotte,Men's Athletic Footwear,35.0,475,16625.0
Amazon,2021-02-11,Midwest,Ohio,Columbus,Men's Apparel,45.0,450,20250.0
Amazon,2021-02-11,Southeast,North Carolina,Charlotte,Men's Athletic Footwear,33.0,143,4719.0
Amazon,2021-02-11,Southeast,North Carolina,Charlotte,Women's Street Footwear,23.0,158,3634.0
Amazon,2021-02-11,Midwest,Ohio,Columbus,Women's Apparel,29.0,143,4147.0
Amazon,2021-02-11,Midwest,Ohio,Columbus,Men's Apparel,41.0,122,5002.0
Amazon,2021-02-11,Midwest,Ohio,Columbus,Women's Apparel,30.0,550,16500.0
Amazon,2021-02-11,Midwest,Ohio,Columbus,Women's Athletic Footwear,30.0,375,11250.0
Amazon,2021-02-11,Midwest,Ohio,Columbus,Women's Athletic Footwear,29.0,101,2929.0
Amazon,2021-02-11,Southeast,North Carolina,Charlotte,Men's Street Footwear,32.0,231,7392.0
Amazon,2021-02-11,Southeast,North Carolina,Charlotte,Women's Street Footwear,25.0,525,13125.0
Amazon,2021-02-11,Southeast,North Carolina,Charlotte,Men's Street Footwear,35.0,825,28875.0
Amazon,2021-02-12,Northeast,Massachusetts,Boston,Women's Street Footwear,25.0,85,2125.0
Amazon,2021-02-12,Northeast,Vermont,Burlington,Men's Apparel,54.0,63,3402.0
Amazon,2021-02-12,Northeast,Massachusetts,Boston,Men's Athletic Footwear,33.0,72,2376.0
Amazon,2021-02-12,Northeast,Vermont,Burlington,Women's Athletic Footwear,36.0,45,1620.0
Amazon,2021-02-12,Northeast,Vermont,Burlington,Women's Apparel,35.0,107,3745.0
Amazon,2021-02-12,Northeast,Massachusetts,Boston,Men's Street Footwear,33.0,184,6072.0
Amazon,2021-02-12,Northeast,Vermont,Burlington,Women's Apparel,45.0,325,14625.0
Amazon,2021-02-12,Northeast,Vermont,Burlington,Men's Apparel,36.0,68,2448.0
Amazon,2021-02-12,Northeast,Vermont,Burlington,Women's Athletic Footwear,30.0,48,1440.0
Amazon,2021-02-12,Northeast,Vermont,Burlington,Women's Athletic Footwear,40.0,150,6000.0
Amazon,2021-02-12,Northeast,Massachusetts,Boston,Men's Street Footwear,45.0,575,25875.0
Amazon,2021-02-12,Northeast,Vermont,Burlington,Men's Apparel,55.0,225,12375.0
Amazon,2021-02-12,Northeast,Massachusetts,Boston,Men's Street Footwear,41.0,167,6847.0
Amazon,2021-02-12,Northeast,Massachusetts,Boston,Men's Athletic Footwear,45.0,225,10125.0
Amazon,2021-02-12,Northeast,Massachusetts,Boston,Men's Athletic Footwear,44.0,61,2684.0
Amazon,2021-02-12,Northeast,Massachusetts,Boston,Women's Street Footwear,35.0,275,9625.0
Amazon,2021-02-12,Northeast,Vermont,Burlington,Women's Apparel,43.0,85,3655.0
Amazon,2021-02-12,Northeast,Massachusetts,Boston,Women's Street Footwear,33.0,74,2442.0
Amazon,2021-02-19,Northeast,Vermont,Burlington,Men's Street Footwear,50.0,600,30000.0
Amazon,2021-02-19,Northeast,Vermont,Burlington,Men's Athletic Footwear,50.0,250,12500.0
Amazon,2021-02-19,Northeast,New Hampshire,Manchester,Men's Apparel,60.0,275,16500.0
Amazon,2021-02-19,Northeast,New Hampshire,Manchester,Women's Athletic Footwear,45.0,200,9000.0
Amazon,2021-02-19,Northeast,Vermont,Burlington,Men's Athletic Footwear,37.0,85,3145.0
Amazon,2021-02-19,Northeast,Vermont,Burlington,Women's Street Footwear,40.0,300,12000.0
Amazon,2021-02-19,Northeast,New Hampshire,Manchester,Men's Apparel,56.0,83,4648.0
Amazon,2021-02-19,Northeast,Vermont,Burlington,Men's Street Footwear,49.0,180,8820.0
Amazon,2021-02-19,Northeast,Vermont,Burlington,Women's Street Footwear,39.0,90,3510.0
Amazon,2021-02-19,Northeast,New Hampshire,Manchester,Women's Apparel,36.0,124,4464.0
Amazon,2021-02-19,Northeast,New Hampshire,Manchester,Women's Athletic Footwear,42.0,58,2436.0
Amazon,2021-02-19,Northeast,Vermont,Burlington,Men's Street Footwear,34.0,186,6324.0
Amazon,2021-02-19,Northeast,New Hampshire,Manchester,Men's Apparel,41.0,96,3936.0
Amazon,2021-02-19,Northeast,New Hampshire,Manchester,Women's Apparel,46.0,98,4508.0
Amazon,2021-02-19,Northeast,Vermont,Burlington,Women's Street Footwear,31.0,96,2976.0
Amazon,2021-02-19,Northeast,Vermont,Burlington,Men's Athletic Footwear,45.0,75,3375.0
Amazon,2021-02-19,Northeast,New Hampshire,Manchester,Women's Apparel,50.0,375,18750.0
Amazon,2021-02-19,Northeast,New Hampshire,Manchester,Women's Athletic Footwear,31.0,68,2108.0
Amazon,2021-02-22,Midwest,Ohio,Columbus,Men's Street Footwear,38.0,138,5244.0
Amazon,2021-02-22,West,Alaska,Anchorage,Men's Apparel,65.0,250,16250.0
Amazon,2021-02-22,Southeast,Kentucky,Louisville,Women's Athletic Footwear,34.0,34,1156.0
Amazon,2021-02-22,Midwest,Ohio,Columbus,Women's Street Footwear,29.0,63,1827.0
Amazon,2021-02-22,Midwest,Ohio,Columbus,Men's Athletic Footwear,40.0,200,8000.0
Amazon,2021-02-22,West,Alaska,Anchorage,Men's Athletic Footwear,55.0,225,12375.0
Amazon,2021-02-22,West,Alaska,Anchorage,Women's Athletic Footwear,50.0,175,8750.0
Amazon,2021-02-22,West,Alaska,Anchorage,Men's Street Footwear,55.0,575,31625.0
Amazon,2021-02-22,West,Alaska,Anchorage,Men's Apparel,60.0,75,4500.0
Amazon,2021-02-22,Midwest,Ohio,Columbus,Men's Athletic Footwear,38.0,58,2204.0
Amazon,2021-02-22,Midwest,Ohio,Columbus,Men's Street Footwear,40.0,550,22000.0
Amazon,2021-02-22,Southeast,Kentucky,Louisville,Women's Apparel,40.0,300,12000.0
Amazon,2021-02-22,West,Alaska,Anchorage,Women's Street Footwear,43.0,77,3311.0
Amazon,2021-02-22,Southeast,Kentucky,Louisville,Men's Apparel,48.0,54,2592.0
Amazon,2021-02-22,West,Alaska,Anchorage,Men's Street Footwear,51.0,173,8823.0
Amazon,2021-02-22,West,Alaska,Anchorage,Women's Street Footwear,45.0,275,12375.0
Amazon,2021-02-22,West,Alaska,Anchorage,Women's Apparel,52.0,102,5304.0
Amazon,2021-02-22,West,Alaska,Anchorage,Women's Apparel,55.0,350,19250.0
Amazon,2021-02-22,West,Alaska,Anchorage,Men's Athletic Footwear,53.0,65,3445.0
Amazon,2021-02-22,Southeast,Kentucky,Louisville,Men's Apparel,50.0,200,10000.0
Amazon,2021-02-22,Southeast,Kentucky,Louisville,Women's Athletic Footwear,35.0,125,4375.0
Amazon,2021-02-22,West,Alaska,Anchorage,Women's Athletic Footwear,49.0,46,2254.0
Amazon,2021-02-22,Southeast,Kentucky,Louisville,Women's Apparel,39.0,78,3042.0
Amazon,2021-02-22,Midwest,Ohio,Columbus,Women's Street Footwear,30.0,250,7500.0
Amazon,2021-03-09,Midwest,Ohio,Columbus,Men's Athletic Footwear,27.0,126,3402.0
Amazon,2021-03-09,Midwest,Ohio,Columbus,Women's Street Footwear,20.0,475,9500.0
Amazon,2021-03-09,Midwest,Ohio,Columbus,Women's Apparel,30.0,475,14250.0
Amazon,2021-03-09,Midwest,Ohio,Columbus,Women's Street Footwear,20.0,124,2480.0
Amazon,2021-03-09,Midwest,Ohio,Columbus,Men's Street Footwear,27.0,231,6237.0
Amazon,2021-03-09,Midwest,Ohio,Columbus,Women's Athletic Footwear,25.0,325,8125.0
Amazon,2021-03-09,Midwest,Ohio,Columbus,Women's Athletic Footwear,24.0,98,2352.0
Amazon,2021-03-09,Midwest,Ohio,Columbus,Men's Apparel,40.0,375,15000.0
Amazon,2021-03-09,Midwest,Ohio,Columbus,Men's Athletic Footwear,30.0,450,13500.0
Amazon,2021-03-09,Midwest,Ohio,Columbus,Women's Apparel,28.0,128,3584.0
Amazon,2021-03-09,Midwest,Ohio,Columbus,Men's Street Footwear,30.0,770,23100.0
Amazon,2021-03-09,Midwest,Ohio,Columbus,Men's Apparel,37.0,113,4181.0
Amazon,2021-03-10,Northeast,Vermont,Burlington,Men's Street Footwear,44.0,142,6248.0
Amazon,2021-03-10,Northeast,Vermont,Burlington,Women's Street Footwear,35.0,275,9625.0
Amazon,2021-03-10,Northeast,Vermont,Burlington,Men's Apparel,36.0,56,2016.0
Amazon,2021-03-10,Northeast,Vermont,Burlington,Women's Apparel,45.0,275,12375.0
Amazon,2021-03-10,Northeast,Vermont,Burlington,Men's Athletic Footwear,45.0,250,11250.0
Amazon,2021-03-10,Northeast,Vermont,Burlington,Men's Apparel,51.0,47,2397.0
Amazon,2021-03-10,Northeast,Vermont,Burlington,Women's Apparel,29.0,96,2784.0
Amazon,2021-03-10,Northeast,Vermont,Burlington,Men's Street Footwear,45.0,545,24525.0
Amazon,2021-03-10,Northeast,Vermont,Burlington,Men's Athletic Footwear,36.0,80,2880.0
Amazon,2021-03-10,Northeast,Vermont,Burlington,Men's Athletic Footwear,42.0,70,2940.0
Amazon,2021-03-10,Northeast,Vermont,Burlington,Women's Apparel,41.0,80,3280.0
Amazon,2021-03-10,Northeast,Vermont,Burlington,Women's Athletic Footwear,36.0,38,1368.0
Amazon,2021-03-10,Northeast,Vermont,Burlington,Women's Athletic Footwear,40.0,125,5000.0
Amazon,2021-03-10,Northeast,Vermont,Burlington,Men's Street Footwear,35.0,185,6475.0
Amazon,2021-03-10,Northeast,Vermont,Burlington,Men's Apparel,55.0,175,9625.0
Amazon,2021-03-10,Northeast,Vermont,Burlington,Women's Street Footwear,23.0,85,1955.0
Amazon,2021-03-10,Northeast,Vermont,Burlington,Women's Athletic Footwear,30.0,39,1170.0
Amazon,2021-03-10,Northeast,Vermont,Burlington,Women's Street Footwear,34.0,77,2618.0
Amazon,2021-03-17,Northeast,New Hampshire,Manchester,Men's Street Footwear,49.0,165,8085.0
Amazon,2021-03-17,Northeast,New Hampshire,Manchester,Women's Street Footwear,38.0,75,2850.0
Amazon,2021-03-17,Northeast,New Hampshire,Manchester,Women's Street Footwear,32.0,105,3360.0
Amazon,2021-03-17,Northeast,New Hampshire,Manchester,Men's Athletic Footwear,36.0,88,3168.0
Amazon,2021-03-17,Northeast,New Hampshire,Manchester,Women's Athletic Footwear,33.0,45,1485.0
Amazon,2021-03-17,Northeast,New Hampshire,Manchester,Women's Apparel,50.0,300,15000.0
Amazon,2021-03-17,Northeast,New Hampshire,Manchester,Women's Street Footwear,40.0,300,12000.0
Amazon,2021-03-17,Northeast,New Hampshire,Manchester,Women's Athletic Footwear,44.0,38,1672.0
Amazon,2021-03-17,Northeast,New Hampshire,Manchester,Women's Athletic Footwear,45.0,150,6750.0
Amazon,2021-03-17,Northeast,New Hampshire,Manchester,Men's Street Footwear,50.0,570,28500.0
Amazon,2021-03-17,Northeast,New Hampshire,Manchester,Women's Apparel,36.0,99,3564.0
Amazon,2021-03-17,Northeast,New Hampshire,Manchester,Men's Athletic Footwear,50.0,275,13750.0
Amazon,2021-03-17,Northeast,New Hampshire,Manchester,Men's Apparel,47.0,60,2820.0
Amazon,2021-03-17,Northeast,New Hampshire,Manchester,Men's Athletic Footwear,49.0,69,3381.0
Amazon,2021-03-17,Northeast,New Hampshire,Manchester,Men's Apparel,60.0,200,12000.0
Amazon,2021-03-17,Northeast,New Hampshire,Manchester,Men's Apparel,58.0,60,3480.0
Amazon,2021-03-17,Northeast,New Hampshire,Manchester,Men's Street Footwear,39.0,188,7332.0
Amazon,2021-03-17,Northeast,New Hampshire,Manchester,Women's Apparel,45.0,75,3375.0
Amazon,2021-03-20,West,Alaska,Anchorage,Women's Athletic Footwear,50.0,125,6250.0
Amazon,2021-03-20,West,Alaska,Anchorage,Women's Apparel,53.0,72,3816.0
Amazon,2021-03-20,West,Alaska,Anchorage,Men's Apparel,64.0,53,3392.0
Amazon,2021-03-20,West,Alaska,Anchorage,Women's Apparel,55.0,275,15125.0
Amazon,2021-03-20,West,Alaska,Anchorage,Men's Athletic Footwear,52.0,65,3380.0
Amazon,2021-03-20,West,Alaska,Anchorage,Women's Street Footwear,45.0,275,12375.0
Amazon,2021-03-20,West,Alaska,Anchorage,Men's Street Footwear,53.0,153,8109.0
Amazon,2021-03-20,West,Alaska,Anchorage,Men's Street Footwear,55.0,545,29975.0
Amazon,2021-03-20,West,Alaska,Anchorage,Women's Athletic Footwear,49.0,36,1764.0
Amazon,2021-03-20,West,Alaska,Anchorage,Men's Athletic Footwear,55.0,250,13750.0
Amazon,2021-03-20,West,Alaska,Anchorage,Women's Street Footwear,41.0,69,2829.0
Amazon,2021-03-20,West,Alaska,Anchorage,Men's Apparel,65.0,175,11375.0
Amazon,2021-03-21,Southeast,Kentucky,Louisville,Women's Apparel,45.0,250,11250.0
Amazon,2021-03-21,Southeast,Kentucky,Louisville,Women's Athletic Footwear,40.0,100,4000.0
Amazon,2021-03-21,Southeast,Kentucky,Louisville,Women's Street Footwear,35.0,250,8750.0
Amazon,2021-03-21,Southeast,Kentucky,Louisville,Men's Athletic Footwear,41.0,59,2419.0
Amazon,2021-03-21,Southeast,Kentucky,Louisville,Men's Athletic Footwear,45.0,225,10125.0
Amazon,2021-03-21,Southeast,Kentucky,Louisville,Men's Street Footwear,41.0,156,6396.0
Amazon,2021-03-21,Southeast,Kentucky,Louisville,Women's Apparel,42.0,65,2730.0
Amazon,2021-03-21,Southeast,Kentucky,Louisville,Women's Athletic Footwear,36.0,27,972.0
Amazon,2021-03-21,Southeast,Kentucky,Louisville,Men's Apparel,55.0,150,8250.0
Amazon,2021-03-21,Southeast,Kentucky,Louisville,Men's Street Footwear,45.0,520,23400.0
Amazon,2021-03-21,Southeast,Kentucky,Louisville,Men's Apparel,52.0,44,2288.0
Amazon,2021-03-21,Southeast,Kentucky,Louisville,Women's Street Footwear,34.0,73,2482.0
Amazon,2021-04-10,Midwest,Ohio,Columbus,Women's Athletic Footwear,24.0,102,2448.0
Amazon,2021-04-10,Midwest,Ohio,Columbus,Men's Apparel,45.0,375,16875.0
Amazon,2021-04-10,Midwest,Ohio,Columbus,Men's Apparel,42.0,101,4242.0
Amazon,2021-04-10,Midwest,Ohio,Columbus,Women's Athletic Footwear,25.0,350,8750.0
Amazon,2021-04-10,Midwest,Ohio,Columbus,Men's Street Footwear,30.0,725,21750.0
Amazon,2021-04-10,Midwest,Ohio,Columbus,Women's Apparel,35.0,525,18375.0
Amazon,2021-04-10,Midwest,Ohio,Columbus,Women's Street Footwear,19.0,106,2014.0
Amazon,2021-04-10,Midwest,Ohio,Columbus,Women's Apparel,34.0,137,4658.0
Amazon,2021-04-10,Midwest,Ohio,Columbus,Men's Athletic Footwear,30.0,425,12750.0
Amazon,2021-04-10,Midwest,Ohio,Columbus,Men's Street Footwear,28.0,218,6104.0
Amazon,2021-04-10,Midwest,Ohio,Columbus,Men's Athletic Footwear,28.0,111,3108.0
Amazon,2021-04-10,Midwest,Ohio,Columbus,Women's Street Footwear,20.0,425,8500.0
Amazon,2021-04-11,Northeast,Vermont,Burlington,Women's Apparel,36.0,90,3240.0
Amazon,2021-04-11,Northeast,Vermont,Burlington,Men's Street Footwear,45.0,525,23625.0
Amazon,2021-04-11,Northeast,Vermont,Burlington,Women's Apparel,44.0,90,3960.0
Amazon,2021-04-11,Northeast,Vermont,Burlington,Men's Apparel,51.0,38,1938.0
Amazon,2021-04-11,Northeast,Vermont,Burlington,Women's Street Footwear,25.0,74,1850.0
Amazon,2021-04-11,Northeast,Vermont,Burlington,Women's Athletic Footwear,40.0,150,6000.0
Amazon,2021-04-11,Northeast,Vermont,Burlington,Women's Athletic Footwear,36.0,44,1584.0
Amazon,2021-04-11,Northeast,Vermont,Burlington,Men's Street Footwear,41.0,137,5617.0
Amazon,2021-04-11,Northeast,Vermont,Burlington,Women's Street Footwear,35.0,225,7875.0
Amazon,2021-04-11,Northeast,Vermont,Burlington,Women's Street Footwear,32.0,65,2080.0
Amazon,2021-04-11,Northeast,Vermont,Burlington,Men's Apparel,55.0,150,8250.0
Amazon,2021-04-11,Northeast,Vermont,Burlington,Women's Apparel,45.0,300,13500.0
Amazon,2021-04-11,Northeast,Vermont,Burlington,Men's Athletic Footwear,35.0,68,2380.0
Amazon,2021-04-11,Northeast,Vermont,Burlington,Men's Athletic Footwear,45.0,225,10125.0
Amazon,2021-04-11,Northeast,Vermont,Burlington,Men's Street Footwear,30.0,168,5040.0
Amazon,2021-04-11,Northeast,Vermont,Burlington,Men's Athletic Footwear,43.0,56,2408.0
Amazon,2021-04-11,Northeast,Vermont,Burlington,Men's Apparel,41.0,53,2173.0
Amazon,2021-04-11,Northeast,Vermont,Burlington,Women's Athletic Footwear,30.0,50,1500.0
Amazon,2021-04-18,Northeast,New Hampshire,Manchester,Men's Apparel,40.0,61,2440.0
Amazon,2021-04-18,Northeast,New Hampshire,Manchester,Women's Apparel,46.0,98,4508.0
Amazon,2021-04-18,Northeast,New Hampshire,Manchester,Women's Athletic Footwear,45.0,175,7875.0
Amazon,2021-04-18,Northeast,New Hampshire,Manchester,Women's Athletic Footwear,44.0,49,2156.0
Amazon,2021-04-18,Northeast,New Hampshire,Manchester,Women's Athletic Footwear,35.0,53,1855.0
Amazon,2021-04-18,Northeast,New Hampshire,Manchester,Men's Athletic Footwear,49.0,68,3332.0
Amazon,2021-04-18,Northeast,New Hampshire,Manchester,Men's Apparel,57.0,53,3021.0
Amazon,2021-04-18,Northeast,New Hampshire,Manchester,Men's Street Footwear,48.0,154,7392.0
Amazon,2021-04-18,Northeast,New Hampshire,Manchester,Women's Street Footwear,40.0,250,10000.0
Amazon,2021-04-18,Northeast,New Hampshire,Manchester,Women's Street Footwear,38.0,73,2774.0
Amazon,2021-04-18,Northeast,New Hampshire,Manchester,Men's Street Footwear,50.0,550,27500.0
Amazon,2021-04-18,Northeast,New Hampshire,Manchester,Women's Street Footwear,26.0,80,2080.0
Amazon,2021-04-18,Northeast,New Hampshire,Manchester,Men's Apparel,60.0,175,10500.0
Amazon,2021-04-18,Northeast,New Hampshire,Manchester,Men's Athletic Footwear,50.0,250,12500.0
Amazon,2021-04-18,Northeast,New Hampshire,Manchester,Women's Apparel,50.0,325,16250.0
Amazon,2021-04-18,Northeast,New Hampshire,Manchester,Men's Street Footwear,33.0,187,6171.0
Amazon,2021-04-18,Northeast,New Hampshire,Manchester,Women's Apparel,33.0,101,3333.0
Amazon,2021-04-18,Northeast,New Hampshire,Manchester,Men's Athletic Footwear,38.0,85,3230.0
Amazon,2021-04-21,West,Alaska,Anchorage,Women's Street Footwear,45.0,225,10125.0
Amazon,2021-04-21,West,Alaska,Anchorage,Men's Athletic Footwear,55.0,225,12375.0
Amazon,2021-04-21,West,Alaska,Anchorage,Women's Apparel,49.0,84,4116.0
Amazon,2021-04-21,West,Alaska,Anchorage,Men's Apparel,56.0,41,2296.0
Amazon,2021-04-21,West,Alaska,Anchorage,Women's Apparel,50.0,300,15000.0
Amazon,2021-04-21,West,Alaska,Anchorage,Women's Street Footwear,44.0,61,2684.0
Amazon,2021-04-21,West,Alaska,Anchorage,Men's Street Footwear,55.0,525,28875.0
Amazon,2021-04-21,West,Alaska,Anchorage,Women's Athletic Footwear,50.0,150,7500.0
Amazon,2021-04-21,West,Alaska,Anchorage,Women's Athletic Footwear,47.0,44,2068.0
Amazon,2021-04-21,West,Alaska,Anchorage,Men's Street Footwear,54.0,131,7074.0
Amazon,2021-04-21,West,Alaska,Anchorage,Men's Athletic Footwear,50.0,61,3050.0
Amazon,2021-04-21,West,Alaska,Anchorage,Men's Apparel,60.0,150,9000.0
Amazon,2021-04-22,Southeast,Kentucky,Louisville,Women's Athletic Footwear,45.0,100,4500.0
Amazon,2021-04-22,Southeast,Kentucky,Louisville,Men's Apparel,50.0,125,6250.0
Amazon,2021-04-22,Southeast,Kentucky,Louisville,Men's Street Footwear,41.0,119,4879.0
Amazon,2021-04-22,Southeast,Kentucky,Louisville,Women's Apparel,36.0,75,2700.0
Amazon,2021-04-22,Southeast,Kentucky,Louisville,Men's Apparel,47.0,35,1645.0
Amazon,2021-04-22,Southeast,Kentucky,Louisville,Women's Athletic Footwear,42.0,29,1218.0
Amazon,2021-04-22,Southeast,Kentucky,Louisville,Men's Athletic Footwear,45.0,175,7875.0
Amazon,2021-04-22,Southeast,Kentucky,Louisville,Women's Street Footwear,40.0,175,7000.0
Amazon,2021-04-22,Southeast,Kentucky,Louisville,Women's Apparel,40.0,250,10000.0
Amazon,2021-04-22,Southeast,Kentucky,Louisville,Men's Street Footwear,45.0,475,21375.0
Amazon,2021-04-22,Southeast,Kentucky,Louisville,Men's Athletic Footwear,41.0,49,2009.0
Amazon,2021-04-22,Southeast,Kentucky,Louisville,Women's Street Footwear,38.0,49,1862.0
Amazon,2021-05-09,Midwest,Ohio,Columbus,Women's Athletic Footwear,40.0,425,17000.0
Amazon,2021-05-09,Midwest,Ohio,Columbus,Men's Athletic Footwear,44.0,135,5940.0
Amazon,2021-05-09,Midwest,Ohio,Columbus,Men's Athletic Footwear,45.0,500,22500.0
Amazon,2021-05-09,Midwest,Ohio,Columbus,Women's Apparel,53.0,143,7579.0
Amazon,2021-05-09,Midwest,Ohio,Columbus,Women's Street Footwear,39.0,143,5577.0
Amazon,2021-05-09,Midwest,Ohio,Columbus,Men's Apparel,50.0,450,22500.0
Amazon,2021-05-09,Midwest,Ohio,Columbus,Women's Street Footwear,40.0,475,19000.0
Amazon,2021-05-09,Midwest,Ohio,Columbus,Men's Apparel,49.0,126,6174.0
Amazon,2021-05-09,Midwest,Ohio,Columbus,Men's Street Footwear,45.0,795,35775.0
Amazon,2021-05-09,Midwest,Ohio,Columbus,Women's Apparel,55.0,550,30250.0
Amazon,2021-05-09,Midwest,Ohio,Columbus,Men's Street Footwear,42.0,207,8694.0
Amazon,2021-05-09,Midwest,Ohio,Columbus,Women's Athletic Footwear,38.0,123,4674.0
Amazon,2021-05-10,Northeast,Vermont,Burlington,Women's Street Footwear,49.0,75,3675.0
Amazon,2021-05-10,Northeast,Vermont,Burlington,Women's Street Footwear,37.0,96,3552.0
Amazon,2021-05-10,Northeast,Vermont,Burlington,Women's Athletic Footwear,46.0,65,2990.0
Amazon,2021-05-10,Northeast,Vermont,Burlington,Men's Athletic Footwear,41.0,94,3854.0
Amazon,2021-05-10,Northeast,Vermont,Burlington,Women's Apparel,60.0,120,7200.0
Amazon,2021-05-10,Northeast,Vermont,Burlington,Men's Street Footwear,60.0,570,34200.0
Amazon,2021-05-10,Northeast,Vermont,Burlington,Men's Street Footwear,55.0,154,8470.0
Amazon,2021-05-10,Northeast,Vermont,Burlington,Women's Street Footwear,50.0,300,15000.0
Amazon,2021-05-10,Northeast,Vermont,Burlington,Women's Athletic Footwear,50.0,250,12500.0
Amazon,2021-05-10,Northeast,Vermont,Burlington,Men's Athletic Footwear,55.0,275,15125.0
Amazon,2021-05-10,Northeast,Vermont,Burlington,Women's Athletic Footwear,40.0,83,3320.0
Amazon,2021-05-10,Northeast,Vermont,Burlington,Men's Apparel,60.0,275,16500.0
Amazon,2021-05-10,Northeast,Vermont,Burlington,Women's Apparel,47.0,120,5640.0
Amazon,2021-05-10,Northeast,Vermont,Burlington,Women's Apparel,65.0,400,26000.0
Amazon,2021-05-10,Northeast,Vermont,Burlington,Men's Apparel,46.0,91,4186.0
Amazon,2021-05-10,Northeast,Vermont,Burlington,Men's Street Footwear,48.0,177,8496.0
Amazon,2021-05-10,Northeast,Vermont,Burlington,Men's Apparel,55.0,72,3960.0
Amazon,2021-05-10,Northeast,Vermont,Burlington,Men's Athletic Footwear,54.0,80,4320.0
Amazon,2021-05-17,Northeast,New Hampshire,Manchester,Women's Apparel,46.0,140,6440.0
Amazon,2021-05-17,Northeast,New Hampshire,Manchester,Men's Apparel,63.0,78,4914.0
Amazon,2021-05-17,Northeast,New Hampshire,Manchester,Men's Apparel,52.0,90,4680.0
Amazon,2021-05-17,Northeast,New Hampshire,Manchester,Women's Athletic Footwear,52.0,80,4160.0
Amazon,2021-05-17,Northeast,New Hampshire,Manchester,Women's Athletic Footwear,41.0,91,3731.0
Amazon,2021-05-17,Northeast,New Hampshire,Manchester,Men's Athletic Footwear,60.0,300,18000.0
Amazon,2021-05-17,Northeast,New Hampshire,Manchester,Men's Apparel,65.0,300,19500.0
Amazon,2021-05-17,Northeast,New Hampshire,Manchester,Women's Apparel,70.0,425,29750.0
Amazon,2021-05-17,Northeast,New Hampshire,Manchester,Women's Athletic Footwear,55.0,275,15125.0
Amazon,2021-05-17,Northeast,New Hampshire,Manchester,Men's Athletic Footwear,54.0,87,4698.0
Amazon,2021-05-17,Northeast,New Hampshire,Manchester,Men's Street Footwear,65.0,595,38675.0
Amazon,2021-05-17,Northeast,New Hampshire,Manchester,Men's Athletic Footwear,40.0,93,3720.0
Amazon,2021-05-17,Northeast,New Hampshire,Manchester,Women's Apparel,65.0,115,7475.0
Amazon,2021-05-17,Northeast,New Hampshire,Manchester,Women's Street Footwear,55.0,325,17875.0
Amazon,2021-05-17,Northeast,New Hampshire,Manchester,Men's Street Footwear,47.0,196,9212.0
Amazon,2021-05-17,Northeast,New Hampshire,Manchester,Women's Street Footwear,42.0,101,4242.0
Amazon,2021-05-17,Northeast,New Hampshire,Manchester,Men's Street Footwear,64.0,173,11072.0
Amazon,2021-05-17,Northeast,New Hampshire,Manchester,Women's Street Footwear,51.0,98,4998.0
Amazon,2021-05-20,West,Alaska,Anchorage,Men's Street Footwear,59.0,160,9440.0
Amazon,2021-05-20,West,Alaska,Anchorage,Women's Apparel,70.0,400,28000.0
Amazon,2021-05-20,West,Alaska,Anchorage,Women's Athletic Footwear,55.0,250,13750.0
Amazon,2021-05-20,West,Alaska,Anchorage,Women's Street Footwear,55.0,300,16500.0
Amazon,2021-05-20,West,Alaska,Anchorage,Men's Street Footwear,65.0,570,37050.0
Amazon,2021-05-20,West,Alaska,Anchorage,Women's Street Footwear,53.0,84,4452.0
Amazon,2021-05-20,West,Alaska,Anchorage,Women's Athletic Footwear,51.0,63,3213.0
Amazon,2021-05-20,West,Alaska,Anchorage,Men's Apparel,62.0,69,4278.0
Amazon,2021-05-20,West,Alaska,Anchorage,Women's Apparel,67.0,100,6700.0
Amazon,2021-05-20,West,Alaska,Anchorage,Men's Athletic Footwear,56.0,72,4032.0
Amazon,2021-05-20,West,Alaska,Anchorage,Men's Apparel,65.0,275,17875.0
Amazon,2021-05-20,West,Alaska,Anchorage,Men's Athletic Footwear,60.0,275,16500.0
Amazon,2021-05-23,Southeast,Kentucky,Louisville,Women's Apparel,55.0,275,15125.0
Amazon,2021-05-23,Southeast,Kentucky,Louisville,Women's Athletic Footwear,38.0,38,1444.0
Amazon,2021-05-23,Southeast,Kentucky,Louisville,Women's Street Footwear,40.0,200,8000.0
Amazon,2021-05-23,Southeast,Kentucky,Louisville,Women's Athletic Footwear,40.0,125,5000.0
Amazon,2021-05-23,Southeast,Kentucky,Louisville,Women's Street Footwear,38.0,58,2204.0
Amazon,2021-05-23,Southeast,Kentucky,Louisville,Men's Apparel,46.0,42,1932.0
Amazon,2021-05-23,Southeast,Kentucky,Louisville,Men's Apparel,50.0,150,7500.0
Amazon,2021-05-23,Southeast,Kentucky,Louisville,Men's Athletic Footwear,42.0,68,2856.0
Amazon,2021-05-23,Southeast,Kentucky,Louisville,Men's Street Footwear,50.0,520,26000.0
Amazon,2021-05-23,Southeast,Kentucky,Louisville,Men's Street Footwear,49.0,156,7644.0
Amazon,2021-05-23,Southeast,Kentucky,Louisville,Men's Athletic Footwear,45.0,225,10125.0
Amazon,2021-05-23,Southeast,Kentucky,Louisville,Women's Apparel,51.0,83,4233.0
Amazon,2021-06-11,Midwest,Ohio,Columbus,Men's Athletic Footwear,41.0,138,5658.0
Amazon,2021-06-11,Midwest,Ohio,Columbus,Women's Apparel,64.0,196,12544.0
Amazon,2021-06-11,Midwest,Ohio,Columbus,Women's Street Footwear,50.0,525,26250.0
Amazon,2021-06-11,Midwest,Ohio,Columbus,Men's Street Footwear,49.0,232,11368.0
Amazon,2021-06-11,Midwest,Ohio,Columbus,Men's Apparel,62.0,150,9300.0
Amazon,2021-06-11,Midwest,Ohio,Columbus,Men's Apparel,65.0,500,32500.0
Amazon,2021-06-11,Midwest,Ohio,Columbus,Men's Street Footwear,50.0,800,40000.0
Amazon,2021-06-11,Midwest,Ohio,Columbus,Women's Athletic Footwear,50.0,500,25000.0
Amazon,2021-06-11,Midwest,Ohio,Columbus,Women's Street Footwear,49.0,142,6958.0
Amazon,2021-06-11,Midwest,Ohio,Columbus,Men's Athletic Footwear,45.0,550,24750.0
Amazon,2021-06-11,Midwest,Ohio,Columbus,Women's Apparel,70.0,675,47250.0
Amazon,2021-06-11,Midwest,Ohio,Columbus,Women's Athletic Footwear,49.0,140,6860.0
Amazon,2021-06-12,Northeast,Vermont,Burlington,Women's Street Footwear,50.0,325,16250.0
Amazon,2021-06-12,Northeast,Vermont,Burlington,Women's Apparel,65.0,450,29250.0
Amazon,2021-06-12,Northeast,Vermont,Burlington,Women's Athletic Footwear,50.0,300,15000.0
Amazon,2021-06-12,Northeast,Vermont,Burlington,Men's Street Footwear,58.0,163,9454.0
Amazon,2021-06-12,Northeast,Vermont,Burlington,Men's Apparel,44.0,105,4620.0
Amazon,2021-06-12,Northeast,Vermont,Burlington,Women's Athletic Footwear,38.0,102,3876.0
Amazon,2021-06-12,Northeast,Vermont,Burlington,Men's Street Footwear,47.0,195,9165.0
Amazon,2021-06-12,Northeast,Vermont,Burlington,Women's Athletic Footwear,47.0,90,4230.0
Amazon,2021-06-12,Northeast,Vermont,Burlington,Women's Street Footwear,35.0,104,3640.0
Amazon,2021-06-12,Northeast,Vermont,Burlington,Men's Athletic Footwear,44.0,120,5280.0
Amazon,2021-06-12,Northeast,Vermont,Burlington,Men's Apparel,60.0,300,18000.0
Amazon,2021-06-12,Northeast,Vermont,Burlington,Men's Street Footwear,60.0,650,39000.0
Amazon,2021-06-12,Northeast,Vermont,Burlington,Men's Athletic Footwear,53.0,116,6148.0
Amazon,2021-06-12,Northeast,Vermont,Burlington,Women's Apparel,62.0,117,7254.0
Amazon,2021-06-12,Northeast,Vermont,Burlington,Women's Apparel,49.0,158,7742.0
Amazon,2021-06-12,Northeast,Vermont,Burlington,Men's Athletic Footwear,55.0,400,22000.0
Amazon,2021-06-12,Northeast,Vermont,Burlington,Men's Apparel,58.0,81,4698.0
Amazon,2021-06-12,Northeast,Vermont,Burlington,Women's Street Footwear,45.0,81,3645.0
Amazon,2021-06-19,Northeast,New Hampshire,Manchester,Men's Street Footwear,65.0,675,43875.0
Amazon,2021-06-19,Northeast,New Hampshire,Manchester,Men's Athletic Footwear,56.0,123,6888.0
Amazon,2021-06-19,Northeast,New Hampshire,Manchester,Women's Athletic Footwear,52.0,91,4732.0
Amazon,2021-06-19,Northeast,New Hampshire,Manchester,Men's Apparel,60.0,94,5640.0
Amazon,2021-06-19,Northeast,New Hampshire,Manchester,Women's Apparel,70.0,475,33250.0
Amazon,2021-06-19,Northeast,New Hampshire,Manchester,Women's Street Footwear,53.0,88,4664.0
Amazon,2021-06-19,Northeast,New Hampshire,Manchester,Women's Apparel,50.0,162,8100.0
Amazon,2021-06-19,Northeast,New Hampshire,Manchester,Women's Street Footwear,43.0,109,4687.0
Amazon,2021-06-19,Northeast,New Hampshire,Manchester,Men's Athletic Footwear,60.0,425,25500.0
Amazon,2021-06-19,Northeast,New Hampshire,Manchester,Men's Street Footwear,59.0,169,9971.0
Amazon,2021-06-19,Northeast,New Hampshire,Manchester,Women's Apparel,66.0,138,9108.0
Amazon,2021-06-19,Northeast,New Hampshire,Manchester,Women's Street Footwear,55.0,350,19250.0
Amazon,2021-06-19,Northeast,New Hampshire,Manchester,Men's Athletic Footwear,40.0,140,5600.0
Amazon,2021-06-19,Northeast,New Hampshire,Manchester,Men's Apparel,65.0,325,21125.0
Amazon,2021-06-19,Northeast,New Hampshire,Manchester,Men's Apparel,47.0,114,5358.0
Amazon,2021-06-19,Northeast,New Hampshire,Manchester,Men's Street Footwear,44.0,216,9504.0
Amazon,2021-06-19,Northeast,New Hampshire,Manchester,Women's Athletic Footwear,37.0,104,3848.0
Amazon,2021-06-19,Northeast,New Hampshire,Manchester,Women's Athletic Footwear,55.0,325,17875.0
Amazon,2021-06-22,West,Alaska,Anchorage,Men's Apparel,60.0,84,5040.0
Amazon,2021-06-22,West,Alaska,Anchorage,Women's Athletic Footwear,55.0,300,16500.0
Amazon,2021-06-22,Southeast,Kentucky,Louisville,Women's Apparel,52.0,101,5252.0
Amazon,2021-06-22,Southeast,Kentucky,Louisville,Men's Athletic Footwear,35.0,275,9625.0
Amazon,2021-06-22,West,Alaska,Anchorage,Men's Apparel,65.0,300,19500.0
Amazon,2021-06-22,Southeast,Kentucky,Louisville,Women's Apparel,55.0,375,20625.0
Amazon,2021-06-22,Southeast,Kentucky,Louisville,Women's Athletic Footwear,30.0,200,6000.0
Amazon,2021-06-22,West,Alaska,Anchorage,Women's Street Footwear,53.0,81,4293.0
Amazon,2021-06-22,Southeast,Kentucky,Louisville,Men's Street Footwear,36.0,142,5112.0
Amazon,2021-06-22,Southeast,Kentucky,Louisville,Men's Athletic Footwear,33.0,77,2541.0
Amazon,2021-06-22,Southeast,Kentucky,Louisville,Women's Street Footwear,30.0,225,6750.0
Amazon,2021-06-22,Southeast,Kentucky,Louisville,Men's Apparel,49.0,54,2646.0
Amazon,2021-06-22,West,Alaska,Anchorage,Men's Street Footwear,59.0,189,11151.0
Amazon,2021-06-22,Southeast,Kentucky,Louisville,Women's Street Footwear,28.0,56,1568.0
Amazon,2021-06-22,West,Alaska,Anchorage,Men's Athletic Footwear,60.0,400,24000.0
Amazon,2021-06-22,West,Alaska,Anchorage,Women's Apparel,70.0,450,31500.0
Amazon,2021-06-22,West,Alaska,Anchorage,Men's Street Footwear,65.0,650,42250.0
Amazon,2021-06-22,Southeast,Kentucky,Louisville,Men's Street Footwear,40.0,525,21000.0
Amazon,2021-06-22,Southeast,Kentucky,Louisville,Men's Apparel,50.0,200,10000.0
Amazon,2021-06-22,West,Alaska,Anchorage,Women's Street Footwear,55.0,325,17875.0
Amazon,2021-06-22,West,Alaska,Anchorage,Women's Athletic Footwear,53.0,90,4770.0
Amazon,2021-06-22,West,Alaska,Anchorage,Men's Athletic Footwear,55.0,112,6160.0
Amazon,2021-06-22,Southeast,Kentucky,Louisville,Women's Athletic Footwear,29.0,52,1508.0
Amazon,2021-06-22,West,Alaska,Anchorage,Women's Apparel,67.0,126,8442.0
Amazon,2021-07-09,Midwest,Ohio,Columbus,Women's Athletic Footwear,53.0,152,8056.0
Amazon,2021-07-09,Midwest,Ohio,Columbus,Men's Athletic Footwear,60.0,650,39000.0
Amazon,2021-07-09,Midwest,Ohio,Columbus,Men's Athletic Footwear,56.0,195,10920.0
Amazon,2021-07-09,Midwest,Ohio,Columbus,Men's Street Footwear,63.0,252,15876.0
Amazon,2021-07-09,Midwest,Ohio,Columbus,Women's Street Footwear,51.0,173,8823.0
Amazon,2021-07-09,Midwest,Ohio,Columbus,Women's Apparel,70.0,725,50750.0
Amazon,2021-07-09,Midwest,Ohio,Columbus,Women's Athletic Footwear,55.0,525,28875.0
Amazon,2021-07-09,Midwest,Ohio,Columbus,Men's Apparel,59.0,154,9086.0
Amazon,2021-07-09,Midwest,Ohio,Columbus,Women's Street Footwear,55.0,575,31625.0
Amazon,2021-07-09,Midwest,Ohio,Columbus,Women's Apparel,69.0,181,12489.0
Amazon,2021-07-09,Midwest,Ohio,Columbus,Men's Apparel,65.0,550,35750.0
Amazon,2021-07-09,Midwest,Ohio,Columbus,Men's Street Footwear,65.0,900,58500.0
Amazon,2021-07-10,Northeast,Vermont,Burlington,Women's Apparel,49.0,175,8575.0
Amazon,2021-07-10,Northeast,Vermont,Burlington,Women's Athletic Footwear,46.0,90,4140.0
Amazon,2021-07-10,Northeast,Vermont,Burlington,Men's Street Footwear,54.0,182,9828.0
Amazon,2021-07-10,Northeast,Vermont,Burlington,Men's Apparel,39.0,114,4446.0
Amazon,2021-07-10,Northeast,Vermont,Burlington,Men's Athletic Footwear,51.0,115,5865.0
Amazon,2021-07-10,Northeast,Vermont,Burlington,Women's Apparel,65.0,500,32500.0
Amazon,2021-07-10,Northeast,Vermont,Burlington,Women's Apparel,61.0,125,7625.0
Amazon,2021-07-10,Northeast,Vermont,Burlington,Men's Apparel,60.0,325,19500.0
Amazon,2021-07-10,Northeast,Vermont,Burlington,Men's Athletic Footwear,55.0,425,23375.0
Amazon,2021-07-10,Northeast,Vermont,Burlington,Women's Athletic Footwear,50.0,300,15000.0
Amazon,2021-07-10,Northeast,Vermont,Burlington,Men's Athletic Footwear,42.0,145,6090.0
Amazon,2021-07-10,Northeast,Vermont,Burlington,Men's Apparel,54.0,94,5076.0
Amazon,2021-07-10,Northeast,Vermont,Burlington,Women's Athletic Footwear,36.0,96,3456.0
Amazon,2021-07-10,Northeast,Vermont,Burlington,Men's Street Footwear,60.0,675,40500.0
Amazon,2021-07-10,Northeast,Vermont,Burlington,Women's Street Footwear,46.0,98,4508.0
Amazon,2021-07-10,Northeast,Vermont,Burlington,Women's Street Footwear,33.0,109,3597.0
Amazon,2021-07-10,Northeast,Vermont,Burlington,Men's Street Footwear,45.0,209,9405.0
Amazon,2021-07-10,Northeast,Vermont,Burlington,Women's Street Footwear,50.0,350,17500.0
Amazon,2021-07-17,Northeast,New Hampshire,Manchester,Women's Street Footwear,54.0,109,5886.0
Amazon,2021-07-17,Northeast,New Hampshire,Manchester,Men's Apparel,60.0,102,6120.0
Amazon,2021-07-17,Northeast,New Hampshire,Manchester,Women's Apparel,64.0,137,8768.0
Amazon,2021-07-17,Northeast,New Hampshire,Manchester,Women's Athletic Footwear,39.0,107,4173.0
Amazon,2021-07-17,Northeast,New Hampshire,Manchester,Men's Athletic Footwear,55.0,131,7205.0
Amazon,2021-07-17,Northeast,New Hampshire,Manchester,Men's Apparel,65.0,350,22750.0
Amazon,2021-07-17,Northeast,New Hampshire,Manchester,Women's Apparel,70.0,525,36750.0
Amazon,2021-07-17,Northeast,New Hampshire,Manchester,Men's Street Footwear,49.0,224,10976.0
Amazon,2021-07-17,Northeast,New Hampshire,Manchester,Women's Athletic Footwear,53.0,85,4505.0
Amazon,2021-07-17,Northeast,New Hampshire,Manchester,Women's Athletic Footwear,55.0,325,17875.0
Amazon,2021-07-17,Northeast,New Hampshire,Manchester,Men's Street Footwear,65.0,700,45500.0
Amazon,2021-07-17,Northeast,New Hampshire,Manchester,Men's Street Footwear,64.0,196,12544.0
Amazon,2021-07-17,Northeast,New Hampshire,Manchester,Women's Street Footwear,55.0,375,20625.0
Amazon,2021-07-17,Northeast,New Hampshire,Manchester,Men's Apparel,47.0,119,5593.0
Amazon,2021-07-17,Northeast,New Hampshire,Manchester,Men's Athletic Footwear,47.0,149,7003.0
Amazon,2021-07-17,Northeast,New Hampshire,Manchester,Men's Athletic Footwear,60.0,450,27000.0
Amazon,2021-07-17,Northeast,New Hampshire,Manchester,Women's Street Footwear,37.0,128,4736.0
Amazon,2021-07-17,Northeast,New Hampshire,Manchester,Women's Apparel,47.0,163,7661.0
Amazon,2021-07-20,West,Alaska,Anchorage,Women's Athletic Footwear,55.0,300,16500.0
Amazon,2021-07-20,West,Alaska,Anchorage,Women's Apparel,70.0,500,35000.0
Amazon,2021-07-20,West,Alaska,Anchorage,Men's Athletic Footwear,59.0,111,6549.0
Amazon,2021-07-20,West,Alaska,Anchorage,Women's Apparel,67.0,130,8710.0
Amazon,2021-07-20,West,Alaska,Anchorage,Men's Apparel,65.0,325,21125.0
Amazon,2021-07-20,West,Alaska,Anchorage,Men's Apparel,61.0,91,5551.0
Amazon,2021-07-20,West,Alaska,Anchorage,Women's Street Footwear,53.0,102,5406.0
Amazon,2021-07-20,West,Alaska,Anchorage,Men's Street Footwear,65.0,675,43875.0
Amazon,2021-07-20,West,Alaska,Anchorage,Women's Street Footwear,55.0,350,19250.0
Amazon,2021-07-20,West,Alaska,Anchorage,Women's Athletic Footwear,51.0,75,3825.0
Amazon,2021-07-20,West,Alaska,Anchorage,Men's Street Footwear,63.0,182,11466.0
Amazon,2021-07-20,West,Alaska,Anchorage,Men's Athletic Footwear,60.0,425,25500.0
Amazon,2021-07-21,Southeast,Kentucky,Louisville,Men's Apparel,50.0,250,12500.0
Amazon,2021-07-21,Southeast,Kentucky,Louisville,Women's Apparel,50.0,115,5750.0
Amazon,2021-07-21,Southeast,Kentucky,Louisville,Women's Athletic Footwear,40.0,225,9000.0
Amazon,2021-07-21,Southeast,Kentucky,Louisville,Men's Athletic Footwear,44.0,95,4180.0
Amazon,2021-07-21,Southeast,Kentucky,Louisville,Men's Athletic Footwear,45.0,350,15750.0
Amazon,2021-07-21,Southeast,Kentucky,Louisville,Women's Street Footwear,40.0,275,11000.0
Amazon,2021-07-21,Southeast,Kentucky,Louisville,Men's Apparel,46.0,75,3450.0
Amazon,2021-07-21,Southeast,Kentucky,Louisville,Women's Athletic Footwear,37.0,63,2331.0
Amazon,2021-07-21,Southeast,Kentucky,Louisville,Women's Apparel,55.0,425,23375.0
Amazon,2021-07-21,Southeast,Kentucky,Louisville,Men's Street Footwear,47.0,168,7896.0
Amazon,2021-07-21,Southeast,Kentucky,Louisville,Women's Street Footwear,38.0,69,2622.0
Amazon,2021-07-21,Southeast,Kentucky,Louisville,Men's Street Footwear,50.0,600,30000.0
Amazon,2021-08-10,Midwest,Ohio,Columbus,Women's Athletic Footwear,45.0,525,23625.0
Amazon,2021-08-10,Midwest,Ohio,Columbus,Men's Street Footwear,65.0,875,56875.0
Amazon,2021-08-10,Midwest,Ohio,Columbus,Women's Apparel,60.0,675,40500.0
Amazon,2021-08-10,Midwest,Ohio,Columbus,Men's Apparel,55.0,500,27500.0
Amazon,2021-08-10,Midwest,Ohio,Columbus,Women's Street Footwear,55.0,575,31625.0
Amazon,2021-08-10,Midwest,Ohio,Columbus,Men's Athletic Footwear,60.0,650,39000.0
Amazon,2021-08-10,Midwest,Ohio,Columbus,Women's Apparel,54.0,169,9126.0
Amazon,2021-08-10,Midwest,Ohio,Columbus,Men's Athletic Footwear,58.0,195,11310.0
Amazon,2021-08-10,Midwest,Ohio,Columbus,Women's Athletic Footwear,41.0,158,6478.0
Amazon,2021-08-10,Midwest,Ohio,Columbus,Men's Street Footwear,61.0,228,13908.0
Amazon,2021-08-10,Midwest,Ohio,Columbus,Women's Street Footwear,53.0,150,7950.0
Amazon,2021-08-10,Midwest,Ohio,Columbus,Men's Apparel,50.0,135,6750.0
Amazon,2021-08-11,Northeast,Vermont,Burlington,Men's Apparel,60.0,225,13500.0
Amazon,2021-08-11,Northeast,Vermont,Burlington,Women's Athletic Footwear,40.0,85,3400.0
Amazon,2021-08-11,Northeast,Vermont,Burlington,Men's Athletic Footwear,43.0,149,6407.0
Amazon,2021-08-11,Northeast,Vermont,Burlington,Men's Street Footwear,42.0,215,9030.0
Amazon,2021-08-11,Northeast,Vermont,Burlington,Men's Apparel,57.0,65,3705.0
Amazon,2021-08-11,Northeast,Vermont,Burlington,Women's Apparel,44.0,136,5984.0
Amazon,2021-08-11,Northeast,Vermont,Burlington,Women's Athletic Footwear,50.0,250,12500.0
Amazon,2021-08-11,Northeast,Vermont,Burlington,Men's Athletic Footwear,55.0,425,23375.0
Amazon,2021-08-11,Northeast,Vermont,Burlington,Men's Apparel,43.0,72,3096.0
Amazon,2021-08-11,Northeast,Vermont,Burlington,Women's Athletic Footwear,49.0,68,3332.0
Amazon,2021-08-11,Northeast,Vermont,Burlington,Men's Street Footwear,58.0,176,10208.0
Amazon,2021-08-11,Northeast,Vermont,Burlington,Women's Apparel,61.0,104,6344.0
Amazon,2021-08-11,Northeast,Vermont,Burlington,Women's Street Footwear,34.0,116,3944.0
Amazon,2021-08-11,Northeast,Vermont,Burlington,Women's Street Footwear,48.0,105,5040.0
Amazon,2021-08-11,Northeast,Vermont,Burlington,Women's Street Footwear,50.0,350,17500.0
Amazon,2021-08-11,Northeast,Vermont,Burlington,Men's Athletic Footwear,53.0,106,5618.0
Amazon,2021-08-11,Northeast,Vermont,Burlington,Women's Apparel,65.0,400,26000.0
Amazon,2021-08-11,Northeast,Vermont,Burlington,Men's Street Footwear,60.0,650,39000.0
Amazon,2021-08-18,Northeast,New Hampshire,Manchester,Women's Street Footwear,39.0,113,4407.0
Amazon,2021-08-18,Northeast,New Hampshire,Manchester,Women's Athletic Footwear,55.0,275,15125.0
Amazon,2021-08-18,Northeast,New Hampshire,Manchester,Women's Athletic Footwear,42.0,88,3696.0
Amazon,2021-08-18,Northeast,New Hampshire,Manchester,Men's Apparel,65.0,250,16250.0
Amazon,2021-08-18,Northeast,New Hampshire,Manchester,Men's Athletic Footwear,60.0,450,27000.0
Amazon,2021-08-18,Northeast,New Hampshire,Manchester,Women's Street Footwear,55.0,375,20625.0
Amazon,2021-08-18,Northeast,New Hampshire,Manchester,Women's Athletic Footwear,51.0,72,3672.0
Amazon,2021-08-18,Northeast,New Hampshire,Manchester,Men's Street Footwear,60.0,196,11760.0
Amazon,2021-08-18,Northeast,New Hampshire,Manchester,Women's Apparel,70.0,425,29750.0
Amazon,2021-08-18,Northeast,New Hampshire,Manchester,Women's Apparel,64.0,106,6784.0
Amazon,2021-08-18,Northeast,New Hampshire,Manchester,Men's Apparel,59.0,73,4307.0
Amazon,2021-08-18,Northeast,New Hampshire,Manchester,Men's Athletic Footwear,58.0,135,7830.0
Amazon,2021-08-18,Northeast,New Hampshire,Manchester,Men's Apparel,45.0,80,3600.0
Amazon,2021-08-18,Northeast,New Hampshire,Manchester,Men's Street Footwear,48.0,203,9744.0
Amazon,2021-08-18,Northeast,New Hampshire,Manchester,Women's Street Footwear,52.0,105,5460.0
Amazon,2021-08-18,Northeast,New Hampshire,Manchester,Women's Apparel,46.0,145,6670.0
Amazon,2021-08-18,Northeast,New Hampshire,Manchester,Men's Street Footwear,65.0,675,43875.0
Amazon,2021-08-18,Northeast,New Hampshire,Manchester,Men's Athletic Footwear,39.0,135,5265.0
Amazon,2021-08-21,West,Alaska,Anchorage,Men's Apparel,62.0,65,4030.0
Amazon,2021-08-21,West,Alaska,Anchorage,Women's Athletic Footwear,55.0,250,13750.0
Amazon,2021-08-21,West,Alaska,Anchorage,Women's Street Footwear,54.0,102,5508.0
Amazon,2021-08-21,West,Alaska,Anchorage,Women's Street Footwear,55.0,350,19250.0
Amazon,2021-08-21,West,Alaska,Anchorage,Men's Athletic Footwear,56.0,106,5936.0
Amazon,2021-08-21,West,Alaska,Anchorage,Men's Athletic Footwear,60.0,425,25500.0
Amazon,2021-08-21,West,Alaska,Anchorage,Women's Athletic Footwear,53.0,68,3604.0
Amazon,2021-08-21,West,Alaska,Anchorage,Women's Apparel,70.0,400,28000.0
Amazon,2021-08-21,West,Alaska,Anchorage,Men's Apparel,65.0,225,14625.0
Amazon,2021-08-21,West,Alaska,Anchorage,Men's Street Footwear,65.0,650,42250.0
Amazon,2021-08-21,West,Alaska,Anchorage,Women's Apparel,67.0,104,6968.0
Amazon,2021-08-21,West,Alaska,Anchorage,Men's Street Footwear,59.0,163,9617.0
Amazon,2021-08-22,Southeast,Kentucky,Louisville,Men's Athletic Footwear,45.0,350,15750.0
Amazon,2021-08-22,Southeast,Kentucky,Louisville,Women's Athletic Footwear,40.0,250,10000.0
Amazon,2021-08-22,Southeast,Kentucky,Louisville,Women's Apparel,55.0,400,22000.0
Amazon,2021-08-22,Southeast,Kentucky,Louisville,Men's Athletic Footwear,41.0,91,3731.0
Amazon,2021-08-22,Southeast,Kentucky,Louisville,Women's Athletic Footwear,38.0,75,2850.0
Amazon,2021-08-22,Southeast,Kentucky,Louisville,Men's Street Footwear,50.0,575,28750.0
Amazon,2021-08-22,Southeast,Kentucky,Louisville,Women's Apparel,51.0,120,6120.0
Amazon,2021-08-22,Southeast,Kentucky,Louisville,Women's Street Footwear,40.0,275,11000.0
Amazon,2021-08-22,Southeast,Kentucky,Louisville,Men's Apparel,50.0,225,11250.0
Amazon,2021-08-22,Southeast,Kentucky,Louisville,Men's Apparel,49.0,65,3185.0
Amazon,2021-08-22,Southeast,Kentucky,Louisville,Women's Street Footwear,36.0,80,2880.0
Amazon,2021-08-22,Southeast,Kentucky,Louisville,Men's Street Footwear,46.0,167,7682.0
Amazon,2021-09-09,Midwest,Ohio,Columbus,Men's Athletic Footwear,50.0,575,28750.0
Amazon,2021-09-09,Midwest,Ohio,Columbus,Women's Apparel,40.0,550,22000.0
Amazon,2021-09-09,Midwest,Ohio,Columbus,Men's Athletic Footwear,47.0,173,8131.0
Amazon,2021-09-09,Midwest,Ohio,Columbus,Women's Athletic Footwear,25.0,450,11250.0
Amazon,2021-09-09,Midwest,Ohio,Columbus,Men's Apparel,35.0,450,15750.0
Amazon,2021-09-09,Midwest,Ohio,Columbus,Men's Apparel,32.0,122,3904.0
Amazon,2021-09-09,Midwest,Ohio,Columbus,Women's Athletic Footwear,24.0,113,2712.0
Amazon,2021-09-09,Midwest,Ohio,Columbus,Women's Street Footwear,25.0,475,11875.0
Amazon,2021-09-09,Midwest,Ohio,Columbus,Men's Street Footwear,50.0,225,11250.0
Amazon,2021-09-09,Midwest,Ohio,Columbus,Women's Street Footwear,23.0,138,3174.0
Amazon,2021-09-09,Midwest,Ohio,Columbus,Women's Apparel,37.0,138,5106.0
Amazon,2021-09-09,Midwest,Ohio,Columbus,Men's Street Footwear,55.0,775,42625.0
Amazon,2021-09-10,Northeast,Vermont,Burlington,Women's Apparel,45.0,93,4185.0
Amazon,2021-09-10,Northeast,Vermont,Burlington,Men's Street Footwear,44.0,179,7876.0
Amazon,2021-09-10,Northeast,Vermont,Burlington,Women's Street Footwear,50.0,225,11250.0
Amazon,2021-09-10,Northeast,Vermont,Burlington,Men's Athletic Footwear,42.0,111,4662.0
Amazon,2021-09-10,Northeast,Vermont,Burlington,Men's Street Footwear,60.0,525,31500.0
Amazon,2021-09-10,Northeast,Vermont,Burlington,Women's Apparel,59.0,78,4602.0
Amazon,2021-09-10,Northeast,Vermont,Burlington,Women's Athletic Footwear,50.0,200,10000.0
Amazon,2021-09-10,Northeast,Vermont,Burlington,Men's Street Footwear,56.0,137,7672.0
Amazon,2021-09-10,Northeast,Vermont,Burlington,Women's Athletic Footwear,35.0,66,2310.0
Amazon,2021-09-10,Northeast,Vermont,Burlington,Women's Street Footwear,46.0,56,2576.0
Amazon,2021-09-10,Northeast,Vermont,Burlington,Men's Apparel,48.0,68,3264.0
Amazon,2021-09-10,Northeast,Vermont,Burlington,Women's Street Footwear,40.0,72,2880.0
Amazon,2021-09-10,Northeast,Vermont,Burlington,Men's Athletic Footwear,55.0,325,17875.0
Amazon,2021-09-10,Northeast,Vermont,Burlington,Women's Athletic Footwear,45.0,52,2340.0
Amazon,2021-09-10,Northeast,Vermont,Burlington,Men's Apparel,60.0,200,12000.0
Amazon,2021-09-10,Northeast,Vermont,Burlington,Men's Athletic Footwear,50.0,85,4250.0
Amazon,2021-09-10,Northeast,Vermont,Burlington,Men's Apparel,58.0,50,2900.0
Amazon,2021-09-10,Northeast,Vermont,Burlington,Women's Apparel,65.0,300,19500.0
Amazon,2021-09-17,Northeast,New Hampshire,Manchester,Men's Athletic Footwear,43.0,116,4988.0
Amazon,2021-09-17,Northeast,New Hampshire,Manchester,Women's Street Footwear,55.0,250,13750.0
Amazon,2021-09-17,Northeast,New Hampshire,Manchester,Men's Apparel,64.0,63,4032.0
Amazon,2021-09-17,Northeast,New Hampshire,Manchester,Women's Apparel,53.0,104,5512.0
Amazon,2021-09-17,Northeast,Maine,Portland,Women's Apparel,60.0,225,13500.0
Amazon,2021-09-17,Northeast,New Hampshire,Manchester,Women's Athletic Footwear,53.0,56,2968.0
Amazon,2021-09-17,Northeast,New Hampshire,Manchester,Men's Street Footwear,65.0,550,35750.0
Amazon,2021-09-17,Northeast,New Hampshire,Manchester,Men's Apparel,65.0,225,14625.0
Amazon,2021-09-17,Northeast,New Hampshire,Manchester,Women's Athletic Footwear,55.0,225,12375.0
Amazon,2021-09-17,Northeast,Maine,Portland,Women's Apparel,57.0,59,3363.0
Amazon,2021-09-17,Northeast,New Hampshire,Manchester,Men's Athletic Footwear,54.0,95,5130.0
Amazon,2021-09-17,Northeast,New Hampshire,Manchester,Women's Apparel,70.0,325,22750.0
Amazon,2021-09-17,Northeast,New Hampshire,Manchester,Men's Athletic Footwear,60.0,350,21000.0
Amazon,2021-09-17,Northeast,New Hampshire,Manchester,Women's Street Footwear,52.0,75,3900.0
Amazon,2021-09-17,Northeast,New Hampshire,Manchester,Women's Apparel,68.0,98,6664.0
Amazon,2021-09-17,Northeast,New Hampshire,Manchester,Men's Apparel,48.0,70,3360.0
Amazon,2021-09-17,Northeast,New Hampshire,Manchester,Men's Street Footwear,59.0,154,9086.0
Amazon,2021-09-17,Northeast,New Hampshire,Manchester,Women's Street Footwear,43.0,78,3354.0
Amazon,2021-09-17,Northeast,New Hampshire,Manchester,Men's Street Footwear,51.0,193,9843.0
Amazon,2021-09-17,Northeast,New Hampshire,Manchester,Women's Athletic Footwear,41.0,74,3034.0
Amazon,2021-09-20,West,Alaska,Anchorage,Women's Apparel,70.0,300,21000.0
Amazon,2021-09-20,West,Alaska,Anchorage,Men's Street Footwear,64.0,131,8384.0
Amazon,2021-09-20,West,Alaska,Anchorage,Men's Apparel,62.0,60,3720.0
Amazon,2021-09-20,West,Alaska,Anchorage,Men's Athletic Footwear,55.0,91,5005.0
Amazon,2021-09-20,West,Alaska,Anchorage,Men's Street Footwear,65.0,525,34125.0
Amazon,2021-09-20,West,Alaska,Anchorage,Women's Street Footwear,50.0,59,2950.0
Amazon,2021-09-20,West,Alaska,Anchorage,Women's Apparel,64.0,84,5376.0
Amazon,2021-09-20,West,Alaska,Anchorage,Men's Apparel,65.0,200,13000.0
Amazon,2021-09-20,West,Alaska,Anchorage,Women's Athletic Footwear,55.0,200,11000.0
Amazon,2021-09-20,West,Alaska,Anchorage,Women's Athletic Footwear,50.0,56,2800.0
Amazon,2021-09-20,West,Alaska,Anchorage,Women's Street Footwear,55.0,225,12375.0
Amazon,2021-09-20,West,Alaska,Anchorage,Men's Athletic Footwear,60.0,325,19500.0
Amazon,2021-09-23,Southeast,Kentucky,Louisville,Women's Apparel,50.0,275,13750.0
Amazon,2021-09-23,Southeast,Kentucky,Louisville,Women's Athletic Footwear,35.0,200,7000.0
Amazon,2021-09-23,Southeast,Kentucky,Louisville,Men's Apparel,45.0,200,9000.0
Amazon,2021-09-23,Southeast,Kentucky,Louisville,Men's Street Footwear,50.0,525,26250.0
Amazon,2021-09-23,Southeast,Kentucky,Louisville,Women's Apparel,49.0,74,3626.0
Amazon,2021-09-23,Southeast,Kentucky,Louisville,Men's Apparel,43.0,58,2494.0
Amazon,2021-09-23,Southeast,Kentucky,Louisville,Women's Street Footwear,33.0,65,2145.0
Amazon,2021-09-23,Southeast,Kentucky,Louisville,Men's Street Footwear,48.0,137,6576.0
Amazon,2021-09-23,Southeast,Kentucky,Louisville,Women's Athletic Footwear,32.0,54,1728.0
Amazon,2021-09-23,Southeast,Kentucky,Louisville,Men's Athletic Footwear,45.0,325,14625.0
Amazon,2021-09-23,Southeast,Kentucky,Louisville,Men's Athletic Footwear,44.0,94,4136.0
Amazon,2021-09-23,Southeast,Kentucky,Louisville,Women's Street Footwear,35.0,225,7875.0
Amazon,2021-10-11,Midwest,Ohio,Columbus,Women's Apparel,40.0,525,21000.0
Amazon,2021-10-11,Midwest,Ohio,Columbus,Men's Apparel,37.0,116,4292.0
Amazon,2021-10-11,Midwest,Ohio,Columbus,Men's Street Footwear,36.0,210,7560.0
Amazon,2021-10-11,Midwest,Ohio,Columbus,Women's Apparel,38.0,147,5586.0
Amazon,2021-10-11,Midwest,Ohio,Columbus,Women's Athletic Footwear,29.0,112,3248.0
Amazon,2021-10-11,Midwest,Ohio,Columbus,Men's Athletic Footwear,30.0,550,16500.0
Amazon,2021-10-11,Midwest,Ohio,Columbus,Men's Athletic Footwear,29.0,138,4002.0
Amazon,2021-10-11,Midwest,Ohio,Columbus,Men's Apparel,40.0,400,16000.0
Amazon,2021-10-11,Midwest,Ohio,Columbus,Women's Athletic Footwear,30.0,400,12000.0
Amazon,2021-10-11,Midwest,Ohio,Columbus,Women's Street Footwear,30.0,425,12750.0
Amazon,2021-10-11,Midwest,Ohio,Columbus,Women's Street Footwear,27.0,106,2862.0
Amazon,2021-10-11,Midwest,Ohio,Columbus,Men's Street Footwear,40.0,725,29000.0
Amazon,2021-10-12,Northeast,Vermont,Burlington,Men's Apparel,55.0,58,3190.0
Amazon,2021-10-12,Northeast,Vermont,Burlington,Men's Street Footwear,44.0,157,6908.0
Amazon,2021-10-12,Northeast,Vermont,Burlington,Women's Street Footwear,60.0,200,12000.0
Amazon,2021-10-12,Northeast,Vermont,Burlington,Women's Street Footwear,40.0,66,2640.0
Amazon,2021-10-12,South,Alabama,Birmingham,Men's Street Footwear,40.0,450,18000.0
Amazon,2021-10-12,Northeast,Vermont,Burlington,Women's Athletic Footwear,60.0,175,10500.0
Amazon,2021-10-12,Northeast,Vermont,Burlington,Men's Apparel,70.0,175,12250.0
Amazon,2021-10-12,Northeast,Vermont,Burlington,Men's Street Footwear,65.0,475,30875.0
Amazon,2021-10-12,Northeast,Vermont,Burlington,Women's Athletic Footwear,46.0,61,2806.0
Amazon,2021-10-12,Northeast,Vermont,Burlington,Women's Street Footwear,59.0,54,3186.0
Amazon,2021-10-12,Northeast,Vermont,Burlington,Men's Athletic Footwear,54.0,75,4050.0
Amazon,2021-10-12,South,Alabama,Birmingham,Men's Street Footwear,27.0,140,3780.0
Amazon,2021-10-12,Northeast,Vermont,Burlington,Men's Apparel,66.0,51,3366.0
Amazon,2021-10-12,Northeast,Vermont,Burlington,Women's Athletic Footwear,55.0,46,2530.0
Amazon,2021-10-12,Northeast,Vermont,Burlington,Men's Street Footwear,62.0,133,8246.0
Amazon,2021-10-12,Northeast,Vermont,Burlington,Men's Athletic Footwear,44.0,99,4356.0
Amazon,2021-10-12,Northeast,Vermont,Burlington,Men's Athletic Footwear,60.0,300,18000.0
Amazon,2021-10-12,South,Alabama,Birmingham,Men's Street Footwear,38.0,117,4446.0
Amazon,2021-10-13,South,Alabama,Birmingham,Men's Athletic Footwear,30.0,88,2640.0
Amazon,2021-10-13,South,Alabama,Birmingham,Men's Athletic Footwear,38.0,75,2850.0
Amazon,2021-10-13,South,Alabama,Birmingham,Men's Athletic Footwear,40.0,250,10000.0
Amazon,2021-10-14,South,Alabama,Birmingham,Women's Street Footwear,28.0,63,1764.0
Amazon,2021-10-14,South,Alabama,Birmingham,Women's Street Footwear,23.0,83,1909.0
Amazon,2021-10-14,South,Alabama,Birmingham,Women's Street Footwear,30.0,250,7500.0
Amazon,2021-10-15,Northeast,Massachusetts,Boston,Women's Apparel,66.0,65,4290.0
Amazon,2021-10-15,Northeast,Massachusetts,Boston,Women's Apparel,51.0,68,3468.0
Amazon,2021-10-15,South,Alabama,Birmingham,Women's Athletic Footwear,34.0,28,952.0
Amazon,2021-10-15,Northeast,Massachusetts,Boston,Women's Apparel,70.0,225,15750.0
Amazon,2021-10-15,South,Alabama,Birmingham,Women's Athletic Footwear,25.0,30,750.0
Amazon,2021-10-15,South,Alabama,Birmingham,Women's Athletic Footwear,35.0,100,3500.0
Amazon,2021-10-16,Northeast,Maine,Portland,Men's Apparel,50.0,150,7500.0
Amazon,2021-10-16,Northeast,Maine,Portland,Men's Apparel,47.0,42,1974.0
Amazon,2021-10-17,Northeast,Maine,Portland,Women's Apparel,40.0,250,10000.0
Amazon,2021-10-17,Northeast,Maine,Portland,Women's Apparel,38.0,68,2584.0
Amazon,2021-10-18,Northeast,Maine,Portland,Men's Street Footwear,38.0,140,5320.0
Amazon,2021-10-18,Northeast,Maine,Portland,Men's Street Footwear,40.0,500,20000.0
Amazon,2021-10-19,Northeast,Maine,Portland,Men's Athletic Footwear,38.0,45,1710.0
Amazon,2021-10-19,Northeast,Maine,Portland,Women's Street Footwear,55.0,125,6875.0
Amazon,2021-10-19,Northeast,Maine,Portland,Women's Street Footwear,52.0,31,1612.0
Amazon,2021-10-19,Northeast,Maine,Portland,Women's Athletic Footwear,55.0,100,5500.0
Amazon,2021-10-19,Northeast,Maine,Portland,Men's Apparel,65.0,100,6500.0
Amazon,2021-10-19,Northeast,Maine,Portland,Men's Street Footwear,60.0,400,24000.0
Amazon,2021-10-19,Northeast,Maine,Portland,Women's Apparel,70.0,225,15750.0
Amazon,2021-10-19,Northeast,Maine,Portland,Men's Athletic Footwear,54.0,59,3186.0
Amazon,2021-10-19,Northeast,Maine,Portland,Women's Athletic Footwear,50.0,26,1300.0
Amazon,2021-10-19,Northeast,Maine,Portland,Men's Athletic Footwear,55.0,225,12375.0
Amazon,2021-10-19,Northeast,Maine,Portland,Men's Apparel,61.0,27,1647.0
Amazon,2021-10-19,Northeast,Maine,Portland,Men's Street Footwear,55.0,120,6600.0
Amazon,2021-10-19,Northeast,Maine,Portland,Women's Apparel,68.0,56,3808.0
Amazon,2021-10-19,Northeast,Maine,Portland,Men's Athletic Footwear,40.0,150,6000.0
Amazon,2021-10-20,Northeast,Maine,Portland,Women's Street Footwear,30.0,200,6000.0
Amazon,2021-10-20,Northeast,Maine,Portland,Women's Street Footwear,29.0,60,1740.0
Amazon,2021-10-21,Northeast,Maine,Portland,Women's Athletic Footwear,35.0,75,2625.0
Amazon,2021-10-21,Northeast,Maine,Portland,Women's Athletic Footwear,34.0,19,646.0
Amazon,2021-10-22,West,Alaska,Anchorage,Women's Athletic Footwear,59.0,42,2478.0
Amazon,2021-10-22,Northeast,Maine,Portland,Men's Apparel,46.0,45,2070.0
Amazon,2021-10-22,West,Alaska,Anchorage,Men's Street Footwear,70.0,450,31500.0
Amazon,2021-10-22,West,Alaska,Anchorage,Women's Street Footwear,65.0,175,11375.0
Amazon,2021-10-22,Southeast,Kentucky,Louisville,Women's Street Footwear,45.0,175,7875.0
Amazon,2021-10-22,Southeast,Kentucky,Louisville,Men's Street Footwear,55.0,450,24750.0
Amazon,2021-10-22,Southeast,Kentucky,Louisville,Men's Athletic Footwear,41.0,83,3403.0
Amazon,2021-10-22,West,Alaska,Anchorage,Men's Apparel,71.0,44,3124.0
Amazon,2021-10-22,West,Alaska,Anchorage,Women's Apparel,73.0,83,6059.0
Amazon,2021-10-22,Southeast,Kentucky,Louisville,Men's Apparel,53.0,41,2173.0
Amazon,2021-10-22,Southeast,Kentucky,Louisville,Women's Athletic Footwear,41.0,42,1722.0
Amazon,2021-10-22,Southeast,Kentucky,Louisville,Women's Apparel,53.0,83,4399.0
Amazon,2021-10-22,West,Alaska,Anchorage,Men's Street Footwear,68.0,113,7684.0
Amazon,2021-10-22,Northeast,Maine,Portland,Men's Apparel,50.0,150,7500.0
Amazon,2021-10-22,Southeast,Kentucky,Louisville,Men's Street Footwear,53.0,126,6678.0
Amazon,2021-10-22,Southeast,Kentucky,Louisville,Women's Street Footwear,43.0,47,2021.0
Amazon,2021-10-22,West,Alaska,Anchorage,Women's Apparel,80.0,275,22000.0
Amazon,2021-10-22,Southeast,Kentucky,Louisville,Women's Apparel,55.0,275,15125.0
Amazon,2021-10-22,Southeast,Kentucky,Louisville,Men's Athletic Footwear,45.0,275,12375.0
Amazon,2021-10-22,West,Alaska,Anchorage,Men's Athletic Footwear,60.0,77,4620.0
Amazon,2021-10-22,Southeast,Kentucky,Louisville,Men's Apparel,55.0,150,8250.0
Amazon,2021-10-22,West,Alaska,Anchorage,Women's Street Footwear,59.0,46,2714.0
Amazon,2021-10-22,West,Alaska,Anchorage,Men's Athletic Footwear,65.0,275,17875.0
Amazon,2021-10-22,West,Alaska,Anchorage,Women's Athletic Footwear,65.0,150,9750.0
Amazon,2021-10-22,West,Alaska,Anchorage,Men's Apparel,75.0,150,11250.0
Amazon,2021-10-22,Southeast,Kentucky,Louisville,Women's Athletic Footwear,45.0,150,6750.0
Amazon,2021-10-23,Northeast,Maine,Portland,Women's Apparel,40.0,250,10000.0
Amazon,2021-10-23,Northeast,Maine,Portland,Women's Apparel,37.0,63,2331.0
Amazon,2021-10-24,Northeast,Maine,Portland,Men's Street Footwear,39.0,127,4953.0
Amazon,2021-10-24,Northeast,Maine,Portland,Men's Street Footwear,40.0,470,18800.0
Amazon,2021-10-25,Northeast,Maine,Portland,Men's Athletic Footwear,39.0,46,1794.0
Amazon,2021-10-25,Northeast,Maine,Portland,Men's Athletic Footwear,40.0,175,7000.0
Amazon,2021-10-26,Northeast,Maine,Portland,Women's Street Footwear,30.0,200,6000.0
Amazon,2021-10-26,Northeast,Maine,Portland,Women's Street Footwear,27.0,52,1404.0
Amazon,2021-10-27,Northeast,Maine,Portland,Women's Athletic Footwear,32.0,13,416.0
Amazon,2021-10-27,Northeast,Maine,Portland,Women's Athletic Footwear,35.0,50,1750.0
Amazon,2021-10-28,Northeast,Maine,Portland,Men's Apparel,50.0,100,5000.0
Amazon,2021-10-28,Northeast,Maine,Portland,Men's Apparel,49.0,29,1421.0
Amazon,2021-10-29,Northeast,Maine,Portland,Women's Apparel,40.0,200,8000.0
Amazon,2021-10-29,Northeast,Maine,Portland,Women's Apparel,36.0,50,1800.0
Amazon,2021-10-30,Northeast,Maine,Portland,Men's Street Footwear,37.0,122,4514.0
Amazon,2021-10-30,Northeast,Maine,Portland,Men's Street Footwear,40.0,450,18000.0
Amazon,2021-10-31,Northeast,Maine,Portland,Men's Athletic Footwear,37.0,44,1628.0
Amazon,2021-10-31,Northeast,Maine,Portland,Men's Athletic Footwear,40.0,150,6000.0
Amazon,2021-11-01,Northeast,Maine,Portland,Women's Street Footwear,27.0,44,1188.0
Amazon,2021-11-01,Northeast,Maine,Portland,Women's Street Footwear,30.0,150,4500.0
Amazon,2021-11-02,Northeast,Maine,Portland,Women's Athletic Footwear,35.0,75,2625.0
Amazon,2021-11-02,Northeast,Maine,Portland,Women's Athletic Footwear,33.0,21,693.0
Amazon,2021-11-03,Northeast,Maine,Portland,Men's Apparel,47.0,20,940.0
Amazon,2021-11-03,Northeast,Maine,Portland,Men's Apparel,50.0,75,3750.0
Amazon,2021-11-04,Northeast,Maine,Portland,Women's Apparel,39.0,63,2457.0
Amazon,2021-11-04,Northeast,Maine,Portland,Women's Apparel,40.0,225,9000.0
Amazon,2021-11-05,Northeast,Maine,Portland,Men's Street Footwear,55.0,495,27225.0
Amazon,2021-11-05,Northeast,Maine,Portland,Men's Street Footwear,52.0,144,7488.0
Amazon,2021-11-06,Northeast,Maine,Portland,Men's Athletic Footwear,48.0,60,2880.0
Amazon,2021-11-06,Northeast,Maine,Portland,Men's Athletic Footwear,50.0,200,10000.0
Amazon,2021-11-07,Northeast,Maine,Portland,Women's Street Footwear,42.0,47,1974.0
Amazon,2021-11-07,Northeast,Maine,Portland,Women's Street Footwear,45.0,175,7875.0
Amazon,2021-11-08,Northeast,Maine,Portland,Women's Athletic Footwear,41.0,34,1394.0
Amazon,2021-11-08,Northeast,Maine,Portland,Women's Athletic Footwear,45.0,125,5625.0
Amazon,2021-11-09,Northeast,Maine,Portland,Men's Apparel,51.0,42,2142.0
Amazon,2021-11-09,Northeast,Maine,Portland,Men's Apparel,55.0,150,8250.0
Amazon,2021-11-10,Midwest,Ohio,Columbus,Men's Street Footwear,35.0,675,23625.0
Amazon,2021-11-10,Northeast,Maine,Portland,Women's Apparel,56.0,72,4032.0
Amazon,2021-11-10,Midwest,Ohio,Columbus,Women's Apparel,80.0,575,46000.0
Amazon,2021-11-10,Midwest,Ohio,Columbus,Women's Street Footwear,32.0,116,3712.0
Amazon,2021-11-10,Northeast,Maine,Portland,Women's Apparel,60.0,275,16500.0
Amazon,2021-11-10,Midwest,Ohio,Columbus,Women's Apparel,74.0,167,12358.0
Amazon,2021-11-10,Midwest,Ohio,Columbus,Men's Street Footwear,34.0,169,5746.0
Amazon,2021-11-10,Midwest,Ohio,Columbus,Women's Street Footwear,35.0,445,15575.0
Amazon,2021-11-10,Midwest,Ohio,Columbus,Women's Athletic Footwear,59.0,135,7965.0
Amazon,2021-11-10,Midwest,Ohio,Columbus,Men's Apparel,76.0,138,10488.0
Amazon,2021-11-10,Midwest,Ohio,Columbus,Men's Apparel,80.0,475,38000.0
Amazon,2021-11-10,Midwest,Ohio,Columbus,Men's Athletic Footwear,24.0,140,3360.0
Amazon,2021-11-10,Midwest,Ohio,Columbus,Men's Athletic Footwear,25.0,500,12500.0
Amazon,2021-11-10,Midwest,Ohio,Columbus,Women's Athletic Footwear,65.0,500,32500.0
Amazon,2021-11-11,Northeast,Vermont,Burlington,Men's Apparel,70.0,275,19250.0
Amazon,2021-11-11,Northeast,Vermont,Burlington,Women's Athletic Footwear,55.0,75,4125.0
Amazon,2021-11-11,Northeast,Maine,Portland,Men's Street Footwear,55.0,525,28875.0
Amazon,2021-11-11,Northeast,Vermont,Burlington,Women's Apparel,70.0,94,6580.0
Amazon,2021-11-11,Northeast,Vermont,Burlington,Men's Apparel,67.0,80,5360.0
Amazon,2021-11-11,Northeast,Vermont,Burlington,Men's Apparel,50.0,91,4550.0
Amazon,2021-11-11,Northeast,Vermont,Burlington,Women's Athletic Footwear,60.0,300,18000.0
Amazon,2021-11-11,Northeast,Vermont,Burlington,Women's Apparel,75.0,375,28125.0
Amazon,2021-11-11,Northeast,Vermont,Burlington,Women's Athletic Footwear,42.0,96,4032.0
Amazon,2021-11-11,Northeast,Vermont,Burlington,Women's Apparel,57.0,128,7296.0
Amazon,2021-11-11,Northeast,Maine,Portland,Men's Street Footwear,54.0,158,8532.0
Amazon,2021-11-12,Northeast,Maine,Portland,Men's Athletic Footwear,48.0,77,3696.0
Amazon,2021-11-12,Northeast,Maine,Portland,Men's Athletic Footwear,50.0,275,13750.0
Amazon,2021-11-13,Northeast,Maine,Portland,Women's Street Footwear,42.0,58,2436.0
Amazon,2021-11-13,Northeast,Maine,Portland,Women's Street Footwear,45.0,200,9000.0
Amazon,2021-11-14,Northeast,Massachusetts,Boston,Men's Apparel,50.0,78,3900.0
Amazon,2021-11-14,Northeast,Massachusetts,Boston,Women's Street Footwear,50.0,83,4150.0
Amazon,2021-11-14,Northeast,Massachusetts,Boston,Women's Athletic Footwear,51.0,80,4080.0
Amazon,2021-11-14,Northeast,Maine,Portland,Women's Athletic Footwear,41.0,51,2091.0
Amazon,2021-11-14,Northeast,Massachusetts,Boston,Women's Street Footwear,55.0,295,16225.0
Amazon,2021-11-14,Northeast,Massachusetts,Boston,Men's Street Footwear,65.0,375,24375.0
Amazon,2021-11-14,Northeast,Massachusetts,Boston,Men's Athletic Footwear,55.0,300,16500.0
Amazon,2021-11-14,Northeast,Massachusetts,Boston,Women's Apparel,70.0,350,24500.0
Amazon,2021-11-14,Northeast,Massachusetts,Boston,Men's Street Footwear,62.0,113,7006.0
Amazon,2021-11-14,Northeast,Massachusetts,Boston,Men's Apparel,63.0,70,4410.0
Amazon,2021-11-14,Northeast,Massachusetts,Boston,Men's Apparel,65.0,250,16250.0
Amazon,2021-11-14,Northeast,Massachusetts,Boston,Men's Athletic Footwear,52.0,90,4680.0
Amazon,2021-11-14,Northeast,Massachusetts,Boston,Men's Athletic Footwear,40.0,102,4080.0
Amazon,2021-11-14,Northeast,Massachusetts,Boston,Women's Athletic Footwear,55.0,275,15125.0
Amazon,2021-11-14,Northeast,Massachusetts,Boston,Women's Apparel,48.0,123,5904.0
Amazon,2021-11-14,Northeast,Massachusetts,Boston,Women's Street Footwear,44.0,91,4004.0
Amazon,2021-11-14,Northeast,Massachusetts,Boston,Women's Athletic Footwear,42.0,83,3486.0
Amazon,2021-11-14,Northeast,Maine,Portland,Women's Athletic Footwear,45.0,175,7875.0
Amazon,2021-11-14,Northeast,Massachusetts,Boston,Women's Apparel,64.0,98,6272.0
Amazon,2021-11-14,Northeast,Massachusetts,Boston,Men's Street Footwear,49.0,120,5880.0
Amazon,2021-11-15,Northeast,Maine,Portland,Men's Apparel,55.0,175,9625.0
Amazon,2021-11-15,Northeast,Maine,Portland,Men's Apparel,50.0,53,2650.0
Amazon,2021-11-16,Northeast,Maine,Portland,Women's Apparel,56.0,85,4760.0
Amazon,2021-11-16,Northeast,Maine,Portland,Women's Apparel,60.0,325,19500.0
Amazon,2021-11-17,Northeast,Maine,Portland,Men's Street Footwear,51.0,143,7293.0
Amazon,2021-11-17,Northeast,Maine,Portland,Men's Street Footwear,55.0,550,30250.0
Amazon,2021-11-18,Northeast,Maine,Portland,Women's Street Footwear,55.0,195,10725.0
Amazon,2021-11-18,Northeast,Maine,Portland,Men's Athletic Footwear,55.0,200,11000.0
Amazon,2021-11-18,Northeast,Maine,Portland,Men's Street Footwear,62.0,98,6076.0
Amazon,2021-11-18,Northeast,Maine,Portland,Women's Street Footwear,52.0,55,2860.0
Amazon,2021-11-18,Northeast,Maine,Portland,Men's Apparel,65.0,150,9750.0
Amazon,2021-11-18,Northeast,Maine,Portland,Men's Athletic Footwear,50.0,300,15000.0
Amazon,2021-11-18,Northeast,Maine,Portland,Men's Street Footwear,65.0,375,24375.0
Amazon,2021-11-18,Northeast,Maine,Portland,Women's Apparel,67.0,63,4221.0
Amazon,2021-11-18,Northeast,Maine,Portland,Men's Athletic Footwear,46.0,84,3864.0
Amazon,2021-11-18,Northeast,Maine,Portland,Women's Athletic Footwear,54.0,46,2484.0
Amazon,2021-11-18,Northeast,Maine,Portland,Men's Apparel,60.0,41,2460.0
Amazon,2021-11-18,Northeast,Maine,Portland,Women's Athletic Footwear,55.0,175,9625.0
Amazon,2021-11-18,Northeast,Maine,Portland,Women's Apparel,70.0,250,17500.0
Amazon,2021-11-18,Northeast,Maine,Portland,Men's Athletic Footwear,52.0,52,2704.0
Amazon,2021-11-19,Northeast,Maine,Portland,Women's Street Footwear,45.0,225,10125.0
Amazon,2021-11-19,Northeast,Maine,Portland,Women's Street Footwear,43.0,63,2709.0
Amazon,2021-11-20,Northeast,Maine,Portland,Women's Athletic Footwear,45.0,175,7875.0
Amazon,2021-11-20,Northeast,Maine,Portland,Women's Athletic Footwear,43.0,44,1892.0
Amazon,2021-11-21,Northeast,Maine,Portland,Men's Apparel,55.0,200,11000.0
Amazon,2021-11-21,West,Alaska,Anchorage,Men's Athletic Footwear,65.0,300,19500.0
Amazon,2021-11-21,West,Alaska,Anchorage,Men's Street Footwear,75.0,425,31875.0
Amazon,2021-11-21,West,Alaska,Anchorage,Women's Athletic Footwear,62.0,90,5580.0
Amazon,2021-11-21,West,Alaska,Anchorage,Women's Street Footwear,65.0,320,20800.0
Amazon,2021-11-21,Northeast,Maine,Portland,Men's Apparel,53.0,60,3180.0
Amazon,2021-11-21,West,Alaska,Anchorage,Women's Athletic Footwear,65.0,300,19500.0
Amazon,2021-11-21,West,Alaska,Anchorage,Men's Street Footwear,68.0,123,8364.0
Amazon,2021-11-21,West,Alaska,Anchorage,Women's Apparel,80.0,375,30000.0
Amazon,2021-11-21,West,Alaska,Anchorage,Men's Apparel,69.0,83,5727.0
Amazon,2021-11-21,West,Alaska,Anchorage,Men's Athletic Footwear,59.0,81,4779.0
Amazon,2021-11-21,West,Alaska,Anchorage,Men's Apparel,75.0,275,20625.0
Amazon,2021-11-21,West,Alaska,Anchorage,Women's Apparel,74.0,101,7474.0
Amazon,2021-11-21,West,Alaska,Anchorage,Women's Street Footwear,59.0,93,5487.0
Amazon,2021-11-22,Southeast,Kentucky,Louisville,Women's Street Footwear,41.0,57,2337.0
Amazon,2021-11-22,Southeast,Kentucky,Louisville,Men's Street Footwear,50.0,425,21250.0
Amazon,2021-11-22,Southeast,Kentucky,Louisville,Men's Street Footwear,48.0,123,5904.0
Amazon,2021-11-22,Southeast,Kentucky,Louisville,Women's Street Footwear,45.0,220,9900.0
Amazon,2021-11-22,Southeast,Kentucky,Louisville,Men's Athletic Footwear,40.0,275,11000.0
Amazon,2021-11-22,Southeast,Kentucky,Louisville,Men's Athletic Footwear,39.0,72,2808.0
Amazon,2021-12-02,Southeast,North Carolina,Charlotte,Men's Apparel,70.0,675,47250.0
Amazon,2021-12-02,Southeast,North Carolina,Charlotte,Women's Athletic Footwear,55.0,196,10780.0
Amazon,2021-12-02,Southeast,North Carolina,Charlotte,Women's Athletic Footwear,60.0,675,40500.0
Amazon,2021-12-02,Southeast,North Carolina,Charlotte,Women's Apparel,75.0,775,58125.0
Amazon,2021-12-02,Southeast,North Carolina,Charlotte,Women's Street Footwear,55.0,218,11990.0
Amazon,2021-12-02,Southeast,North Carolina,Charlotte,Women's Street Footwear,60.0,725,43500.0
Amazon,2021-12-02,Southeast,North Carolina,Charlotte,Men's Apparel,65.0,169,10985.0
Amazon,2021-12-02,Southeast,North Carolina,Charlotte,Women's Apparel,69.0,225,15525.0
Amazon,2021-12-09,Midwest,Ohio,Columbus,Men's Athletic Footwear,60.0,181,10860.0
Amazon,2021-12-09,Midwest,Ohio,Columbus,Men's Street Footwear,70.0,231,16170.0
Amazon,2021-12-09,Midwest,Ohio,Columbus,Men's Athletic Footwear,65.0,625,40625.0
Amazon,2021-12-10,Northeast,Vermont,Burlington,Men's Athletic Footwear,60.0,400,24000.0
Amazon,2021-12-10,Northeast,Vermont,Burlington,Men's Apparel,70.0,325,22750.0
Amazon,2021-12-10,Northeast,Vermont,Burlington,Men's Street Footwear,64.0,168,10752.0
Amazon,2021-12-10,Northeast,Vermont,Burlington,Women's Athletic Footwear,56.0,81,4536.0
Amazon,2021-12-10,Northeast,Vermont,Burlington,Men's Apparel,67.0,81,5427.0
Amazon,2021-12-10,Northeast,Vermont,Burlington,Men's Street Footwear,70.0,600,42000.0
Amazon,2021-12-10,Northeast,Vermont,Burlington,Men's Athletic Footwear,55.0,100,5500.0
Amazon,2021-12-10,Northeast,Vermont,Burlington,Men's Apparel,48.0,104,4992.0
Amazon,2021-12-10,Northeast,Vermont,Burlington,Men's Street Footwear,48.0,186,8928.0
Amazon,2021-12-10,Northeast,Vermont,Burlington,Women's Apparel,60.0,145,8700.0
Amazon,2021-12-10,Northeast,Vermont,Burlington,Women's Athletic Footwear,44.0,101,4444.0
Amazon,2021-12-10,Northeast,Vermont,Burlington,Women's Street Footwear,55.0,113,6215.0
Amazon,2021-12-10,Northeast,Vermont,Burlington,Women's Street Footwear,44.0,131,5764.0
Amazon,2021-12-10,Northeast,Vermont,Burlington,Women's Athletic Footwear,60.0,325,19500.0
Amazon,2021-12-10,Northeast,Vermont,Burlington,Men's Athletic Footwear,41.0,132,5412.0
Amazon,2021-12-10,Northeast,Vermont,Burlington,Women's Street Footwear,60.0,375,22500.0
Amazon,2021-12-10,Northeast,Vermont,Burlington,Women's Apparel,68.0,106,7208.0
Amazon,2021-12-10,Northeast,Vermont,Burlington,Women's Apparel,75.0,425,31875.0
Amazon,2021-12-13,Northeast,Massachusetts,Boston,Men's Street Footwear,65.0,575,37375.0
Amazon,2021-12-13,Northeast,Massachusetts,Boston,Women's Street Footwear,36.0,112,4032.0
Amazon,2021-12-13,Northeast,Massachusetts,Boston,Women's Apparel,65.0,112,7280.0
Amazon,2021-12-13,Northeast,Massachusetts,Boston,Women's Street Footwear,51.0,98,4998.0
Amazon,2021-12-13,Northeast,Massachusetts,Boston,Men's Athletic Footwear,53.0,105,5565.0
Amazon,2021-12-13,Northeast,Massachusetts,Boston,Women's Athletic Footwear,52.0,75,3900.0
Amazon,2021-12-13,Northeast,Massachusetts,Boston,Men's Apparel,62.0,84,5208.0
Amazon,2021-12-13,Northeast,Massachusetts,Boston,Men's Street Footwear,51.0,178,9078.0
Amazon,2021-12-13,Northeast,Massachusetts,Boston,Women's Street Footwear,55.0,350,19250.0
Amazon,2021-12-13,Northeast,Massachusetts,Boston,Men's Athletic Footwear,55.0,375,20625.0
Amazon,2021-12-13,Northeast,Massachusetts,Boston,Women's Athletic Footwear,55.0,300,16500.0
Amazon,2021-12-13,Northeast,Massachusetts,Boston,Men's Apparel,65.0,300,19500.0
Amazon,2021-12-13,Northeast,Massachusetts,Boston,Women's Athletic Footwear,43.0,105,4515.0
Amazon,2021-12-13,Northeast,Massachusetts,Boston,Women's Apparel,51.0,128,6528.0
Amazon,2021-12-13,Northeast,Massachusetts,Boston,Men's Athletic Footwear,37.0,113,4181.0
Amazon,2021-12-13,Northeast,Massachusetts,Boston,Men's Apparel,52.0,90,4680.0
Amazon,2021-12-13,Northeast,Massachusetts,Boston,Men's Street Footwear,64.0,150,9600.0
Amazon,2021-12-13,Northeast,Massachusetts,Boston,Women's Apparel,70.0,400,28000.0
Amazon,2021-12-17,Northeast,Maine,Portland,Women's Athletic Footwear,55.0,200,11000.0
Amazon,2021-12-17,Northeast,Maine,Portland,Men's Apparel,65.0,200,13000.0
Amazon,2021-12-17,Northeast,Maine,Portland,Women's Athletic Footwear,52.0,50,2600.0
Amazon,2021-12-17,Northeast,Maine,Portland,Men's Street Footwear,62.0,138,8556.0
Amazon,2021-12-17,Northeast,Maine,Portland,Men's Athletic Footwear,55.0,275,15125.0
Amazon,2021-12-17,Northeast,Maine,Portland,Women's Street Footwear,55.0,250,13750.0
Amazon,2021-12-17,Northeast,Maine,Portland,Women's Apparel,70.0,300,21000.0
Amazon,2021-12-17,Northeast,Maine,Portland,Men's Athletic Footwear,53.0,74,3922.0
Amazon,2021-12-17,Northeast,Maine,Portland,Women's Apparel,69.0,75,5175.0
Amazon,2021-12-17,Northeast,Maine,Portland,Men's Street Footwear,65.0,475,30875.0
Amazon,2021-12-17,Northeast,Maine,Portland,Men's Apparel,60.0,54,3240.0
Amazon,2021-12-17,Northeast,Maine,Portland,Women's Street Footwear,52.0,68,3536.0
Amazon,2021-12-20,West,Alaska,Anchorage,Men's Athletic Footwear,60.0,112,6720.0
Amazon,2021-12-20,West,Alaska,Anchorage,Men's Athletic Footwear,65.0,400,26000.0
Amazon,2021-12-20,West,Alaska,Anchorage,Men's Street Footwear,69.0,174,12006.0
Amazon,2021-12-20,Northeast,Maine,Portland,Women's Apparel,60.0,375,22500.0
Amazon,2021-12-20,West,Alaska,Anchorage,Men's Street Footwear,75.0,600,45000.0
Amazon,2021-12-20,Northeast,Maine,Portland,Women's Apparel,58.0,113,6554.0
Amazon,2021-12-21,Northeast,Maine,Portland,Men's Street Footwear,55.0,525,28875.0
Amazon,2021-12-21,Northeast,Maine,Portland,Men's Street Footwear,50.0,147,7350.0
Amazon,2021-12-22,Northeast,Maine,Portland,Men's Athletic Footwear,49.0,90,4410.0
Amazon,2021-12-22,Northeast,Maine,Portland,Men's Athletic Footwear,50.0,300,15000.0
Amazon,2021-12-23,Northeast,Maine,Portland,Women's Street Footwear,45.0,225,10125.0
Amazon,2021-12-23,Northeast,Maine,Portland,Women's Street Footwear,41.0,68,2788.0
Amazon,2021-12-24,Northeast,Maine,Portland,Women's Athletic Footwear,45.0,175,7875.0
Amazon,2021-12-24,Northeast,Maine,Portland,Women's Athletic Footwear,41.0,51,2091.0
Amazon,2021-12-25,Northeast,Maine,Portland,Men's Apparel,55.0,150,8250.0
Amazon,2021-12-25,Northeast,Maine,Portland,Men's Apparel,54.0,41,2214.0
Amazon,2021-12-26,Northeast,Maine,Portland,Women's Apparel,60.0,325,19500.0
Amazon,2021-12-26,Northeast,Maine,Portland,Women's Apparel,54.0,91,4914.0
Amazon,2021-12-27,Northeast,Maine,Portland,Men's Street Footwear,53.0,122,6466.0
Amazon,2021-12-27,Northeast,Maine,Portland,Men's Street Footwear,55.0,450,24750.0
Amazon,2021-12-28,Northeast,Maine,Portland,Men's Athletic Footwear,50.0,250,12500.0
Amazon,2021-12-28,Northeast,Maine,Portland,Men's Athletic Footwear,46.0,70,3220.0
Amazon,2021-12-29,Northeast,Maine,Portland,Women's Street Footwear,45.0,150,6750.0
Amazon,2021-12-29,Northeast,Maine,Portland,Women's Street Footwear,41.0,38,1558.0
Amazon,2021-12-30,Northeast,Maine,Portland,Women's Athletic Footwear,42.0,36,1512.0
Amazon,2021-12-30,Northeast,Maine,Portland,Women's Athletic Footwear,45.0,125,5625.0
Amazon,2021-12-31,Northeast,Maine,Portland,Men's Apparel,55.0,125,6875.0
Amazon,2021-12-31,Northeast,Maine,Portland,Men's Apparel,52.0,36,1872.0
